argila,areia,ph,mo_laudo_anterior,materia_organica,ctc,v_pct,p_mehlich,k_cmolc,densidade,resist_penetracao,composto,beta_glicosidase,arilsulfatase
70.74757091834798,9.1624781517225,5.738082923044745,5.921397497560741,5.797902447140378,16.71383071748566,74.64890530874602,7.258205128772292,0.40814702395299374,1.2623926946201978,1.4975186052828697,0.0,95.09143324606669,47.60636040317327
30.287608413344024,54.43173612574988,5.351776912997486,1.3278562908640372,0.5836707778249404,6.3238449912856485,60.203979120147366,8.306287960340189,0.2653356733307288,1.6991125433043286,5.5,0.0,32.77565651475116,23.858637455560604
66.93949014385741,13.072680995701454,5.608402116464441,6.750799036702387,7.422885784763058,18.172103726193313,75.88091099894078,20.859121555362346,0.4289317164971233,0.9375527047511094,0.4,1.0,125.92647946969291,83.6752369331637
35.83342189194654,38.27170316229151,4.669960698230351,3.397183092572461,4.061149261370682,11.086933924750815,57.82102649586596,9.85491864048897,0.2988676970348489,1.2566062971880403,3.53619383238472,1.0,69.67512475700258,36.67005979556105
48.49531898224702,35.08175642386395,4.906510680433573,4.987791322161121,5.077270851906977,14.368823518110032,53.19149683444599,11.611725483778795,0.41119880432528166,1.2386913057763795,2.7937029473864303,1.0,94.90180901761558,55.80528614275034
16.8702240042188,65.20292006951611,4.765834287834978,2.269724860243389,2.460232647347627,7.681560171810055,34.875049394770194,16.503470436706976,0.1881813434733029,1.2842914871295354,4.750549600651939,0.0,62.92199017637927,26.870800988101596
10.860705213967705,63.453197769447996,4.591299216840597,3.2561996643402584,4.00099735749257,8.781854349231038,41.745274160856546,6.180291897278322,0.3343389271884106,1.3491138422000732,3.726953969467733,1.0,71.98016249401343,39.43881039458994
37.753028124348255,41.20027640147865,6.086158082026863,4.1034299141220245,4.469925231531376,12.40121332753113,74.60442282241263,8.231030355555962,0.34501124771257385,1.2563437789572902,3.0913040495968684,1.0,89.61010963577934,45.9669613316197
55.07285262234074,22.678140244758186,5.778092564792872,4.587108045825698,4.607131957909194,12.98140604087149,79.38695407696837,14.53515027195318,0.2858450162577065,1.3131446158527749,3.1428650237078317,0.0,70.17441788170169,42.85144789951788
52.92746486807201,31.38608785549185,5.242050886942393,3.6811728410469606,4.005649863380045,14.240307287964923,51.87523459694558,5.975905825985077,0.43072141583153245,1.279762829517408,1.855924333949145,1.0,68.92350877050718,45.74457282499684
58.8513169035115,16.155487378734172,5.933456587245817,6.127762919298049,6.499136718650052,16.010234952812137,82.27455917280619,12.783273757244363,0.42575567065419706,1.172398416333402,1.3471207225604447,1.0,128.19005855619213,75.28680501317704
22.075989124530228,49.228235240726484,6.171944711794187,2.7039734393243235,3.298425558630691,8.838546883251771,78.74749280790772,8.630643309216548,0.3228117199998425,1.4274490631241308,4.13556217679499,0.0,55.154237861143606,40.231041141443164
30.491428302401346,49.91045521382232,5.054335864584355,3.2438665672328755,3.521149526332662,11.742784323790826,23.851551484596534,4.580534042593622,0.285959377621221,1.3578174586669485,3.299505583835734,0.0,68.72137940756186,46.285778155952805
30.329853267418528,44.98900939471263,3.9733651749517005,3.9599911174836997,4.11975643337623,10.59867240376011,8.205481964545836,14.72189680580592,0.30296306655436733,1.3668507003521015,3.022969760305006,1.0,69.28581979950468,35.46111270620165
37.57318721718965,39.77009386170113,5.741306288846756,2.968496413738874,3.211328819828616,10.657836660778502,74.55288960587815,13.30326216391128,0.21408557914594561,1.2590173883139073,4.2326679183251885,0.0,55.255200262007904,34.65274366869126
55.69456826686618,29.330976731812722,6.214849984204664,4.64590168405135,5.435148119472915,13.624886049052892,92.0,6.583145642574747,0.4532012657104775,1.209206497390174,2.517078254167645,1.0,106.17490519906796,69.74889044835739
34.049701041175986,47.17631156587473,6.234384593884708,4.178295362352028,3.678358405655543,9.636073294446023,81.69890090593465,8.391083987421212,0.2314211799176898,1.358111750536003,3.081852731182585,0.0,81.12508405349548,59.41307539643081
49.480757733720665,33.317571914097,5.875529579498663,3.8527688002494673,4.871451801021683,14.476623858684674,90.05911971361199,5.541776631269992,0.44433842058622003,1.1919402268032093,2.870730017169204,1.0,96.12925437393264,68.94553941030568
45.53339176715585,39.13354643979917,4.962740014109741,4.801898620107623,5.971953890155381,13.420950028083949,75.83335825133139,10.812820976749588,0.33306698934715206,1.3131778705097472,1.4447171494241182,1.0,114.74403079490963,47.943487515697214
23.00809882670146,55.11395565471736,4.364711707440896,2.8338718449005915,2.8269900038025333,7.1650770070563174,29.395336083898545,9.447378557078745,0.15545510565535475,1.4501469559447722,2.8614528735772047,0.0,33.45287715563555,25.306608993815953
52.66138561044128,25.969385243754285,5.45608388063836,6.275716370803128,6.654305527909024,15.631777291003123,54.91964388666726,6.3345409440452976,0.4057049900769144,1.1774470937627888,1.0591935668161887,1.0,110.2227912401443,85.33203923432661
44.476526307637855,36.054103689097715,6.552293497937083,2.8784268732042815,3.2487641854537457,11.350290071211184,74.93964986937745,9.283042729540123,0.31429426675176997,1.3639967122444958,4.271467768010916,0.0,86.30677094110862,51.44863273601337
32.07820639945208,45.7590896644309,4.528053429646111,3.4906011834851,2.886700617417961,10.31332819370717,23.043641707616416,8.197760371344593,0.3526859193654864,1.3969299571721199,3.112958116279161,0.0,61.72041526493176,19.78632269342478
25.436201048497498,60.17762673957865,5.6162055881933926,3.269479709785333,4.343613563541211,9.733911268712282,71.75673773582481,7.681603086116043,0.46582127421208663,1.289548403568822,3.4663644927249706,1.0,88.04827751761337,58.5268844958581
25.74825218548493,59.35322549874753,5.519819022866655,2.720172076251718,2.3406689301861032,8.999238675747602,62.470073717383976,8.764717507469163,0.36688653304245206,1.412301774681463,5.0800936052316175,0.0,57.36576197968307,21.296906144241788
23.049246416298537,53.30698039787726,6.045705374130452,3.3461046924180367,3.5092435155990196,8.375546666135941,65.31603061908045,3.446249163319587,0.16514001359325134,1.3418009773419068,3.7771272600762207,0.0,82.08260802607143,62.33387045493897
44.49912392281157,37.973229870902955,5.298366893925816,4.011679519290178,5.003725502391411,12.815763309929153,68.98192816923452,20.826504963437433,0.46844313888369743,1.3393842597528955,1.9184149557542676,1.0,94.7653404449592,43.258320428645035
10.765477071263792,72.95892643418863,4.893191955065744,3.0105068656670944,2.581861243649506,5.899888880716473,29.615530726784705,15.284679575228587,0.22963039038961863,1.4578613016054305,4.273376228630042,0.0,65.69672881760529,9.835077892804716
25.71910164077221,54.27831041959382,4.262708400802772,3.673708243633201,3.330652197581824,7.797611305888803,24.908357561349312,9.104547604119562,0.19050759371965975,1.250301103843391,3.014787620142701,0.0,68.03600476570087,3.8538137805502224
38.4692416597011,39.79856211922227,5.417731353115353,3.914661613405689,4.30318842899717,11.357559398947462,75.48268542751592,7.243923866574186,0.28941562003023613,1.2494561405791067,2.530559229505757,0.0,61.017830545641694,53.99964965326858
48.41718162609182,34.56835707057088,5.970128408762523,2.278856801313875,2.6809522010012135,9.812099862479274,65.7942512624935,8.230141726241136,0.368516754304651,1.5511387536868209,3.809385954311647,0.0,47.47802761549139,31.42900760233895
29.76227034465696,54.11160863519976,4.356207003506018,2.3631226898654036,3.0929456312496963,8.683756172001715,19.0570983971885,9.507973834841327,0.22580839070313177,1.4280536228571947,3.2176397789856277,0.0,67.76716564225308,24.86611198837797
37.9459061822038,39.31530877778652,5.882199039526473,5.07518335431299,6.060749463727049,14.46301603829844,61.81165059366366,6.465859865266926,0.414901016892077,1.2396754344668988,1.7529138905739106,1.0,134.4051020503233,67.16623271777888
43.29606828465471,37.4957025606847,5.025915533507817,4.872519797484414,5.180708287386512,13.435515866370649,38.443963729108326,3.2185173343741464,0.3651807273415646,1.3133103847698289,2.231336730893126,1.0,91.68207738021088,47.268267006356055
15.811689451989196,70.07350831062165,5.755830791472345,2.0552777719450113,2.405055155310358,6.5181048465097255,68.21934295639012,19.748362659940266,0.21001066159417772,1.481114075433478,4.592447382749136,0.0,60.170265752710776,33.48955033306101
53.75055983251353,13.524240563710677,5.3825987009408,5.481184699264537,6.091637008947459,15.274315315640404,62.13747186443526,4.450632469437574,0.5121791975144654,1.254676740950665,1.7094250388073504,1.0,86.19416084103266,56.973315563272465
58.966307905925994,28.473387611681623,5.532379219063481,4.729191323563509,4.39243052640801,11.862531601780338,38.89814792957378,16.029076216013294,0.3281882178028342,1.2111437049119649,2.5660529949791884,0.0,79.45501591010571,52.43954324077602
35.75301248684267,48.7952406576768,4.620472034107938,4.3921635929937795,4.551087343084513,12.160530359767659,27.548001153432168,18.781989274868884,0.3714944616371801,1.1541739018677082,2.620469533932378,0.0,63.485575984307374,38.86522012787737
57.40169227186355,24.170995709466197,5.818492873658411,3.1776988725682496,3.6707575300226667,12.286921974284867,67.07313047659854,4.0674878081654136,0.404566951464712,1.1617959053504574,3.269630338147436,0.0,68.05027680908042,66.64364113062162
42.855676053075676,38.8912934817224,5.756687708637438,4.064943707646449,4.9123919059606616,11.200474654422447,67.30137444209616,11.6084466785905,0.23692868681552587,1.1925676281072155,2.2269487755068544,1.0,97.21476916620313,66.38207417170165
38.665310612837644,55.68958471408871,4.738419630354413,4.080771742022505,4.389234924156882,10.956884486759336,34.046737325078766,3.855181163886731,0.3589638842765384,1.2078675167148059,2.897258485404735,0.0,74.7168483824463,51.748054742979335
49.42724760843938,29.762782177784874,5.682735530059653,4.9627834646135955,4.751114124001607,13.459932596458755,76.47076526852216,7.215342717608444,0.41841442281459074,1.4265965230295643,2.600464561123915,0.0,85.5107909838066,63.026950004893365
45.32212351880087,32.658427955187875,4.988979163934435,4.084795582698842,3.7277608323258042,12.527868489046647,41.69576400290039,3.5058944833938295,0.3503453436151631,1.2155598970938624,2.4460267292748448,0.0,69.2677208337208,52.093771708712936
59.084089705887514,25.131536638948496,5.620876536049925,4.3284979505654695,3.6269441571375105,13.207176759057376,40.63492341756584,3.9302123033617633,0.31525694120022113,1.1442802653909032,2.9549368217023364,0.0,73.24611057762537,57.184666358070785
27.175621326069486,58.443241107452124,4.683878805208336,3.8198582563917918,4.437523376972931,10.893680159834204,30.389202915561015,13.80119167663453,0.33056655184391087,1.3953914232003475,2.7759919439156997,1.0,55.04132100292464,46.188395879056024
32.32694070741765,58.80620968775308,4.106824633824647,4.701720220613952,5.018958691973134,12.175704741658476,9.443189020200384,13.653991145862205,0.3530132626645495,1.2048125461001906,1.552510197138726,1.0,100.00926553180159,42.09358716343876
46.83178680322112,34.79381396893898,4.801014007694359,4.2004604660858424,4.349076088198899,12.948658078687547,39.254599132489766,3.0853749893248934,0.2967520806341376,1.2556915070481947,2.2237185761162777,1.0,98.74219859437186,41.81549163287253
31.123770373887552,46.936285808811085,5.704697595028899,2.7552693515067137,3.2256876896412394,9.646955453971993,75.04854202830428,4.667656083101936,0.38924887117929385,1.3053820690457802,3.823239358751708,0.0,54.37508587351391,61.06502183785399
57.989096920583776,11.320037102359102,5.455163884124701,4.353622313323546,5.00351158771635,13.948454118228675,70.1981437544115,5.555710080481299,0.4589567398965453,1.4040993373474338,2.290968173404418,1.0,84.54806037187156,47.22907250301639
34.91607762125418,40.73021250422844,5.39145895616087,1.986680161701179,2.6604383043425943,9.002184970230866,71.7421554840862,14.767487404617542,0.3419137125013165,1.2720794144901129,3.800225505894633,1.0,53.96798990853877,27.13862144496744
45.118308265221465,43.608310476499724,5.475920745357693,4.807680722861049,4.690006842624183,12.142352682531916,46.63541360759859,16.592665913793468,0.37256866062639554,1.2681627069962238,2.693305334560998,0.0,71.58086742326991,31.925081958851074
34.327191441092246,52.01993503418791,4.3047411958470665,3.6257422687896494,3.747536945441089,11.081545367135705,38.20948761494473,4.793211266471426,0.3507684831269122,1.3945761417155662,3.7481210147384516,0.0,63.01954297971764,13.548364783219016
29.435290847429286,64.9319466249213,4.401165555610347,2.0782909711007433,1.8069130016248551,6.583506951604081,19.234997144470412,12.930404058268532,0.3050585039895087,1.323876014789442,4.83702973361834,0.0,36.55647325509472,23.01777766451195
49.23688262144735,32.526794482701646,5.098425576094102,4.5923584729837685,4.994460507240977,13.661928671057714,70.68121687721374,18.52081761150388,0.3149029260920087,1.2387300309561138,2.120022402083858,0.0,73.55044680632876,28.64779690565206
30.297958495824954,45.24179906136142,5.449747242322405,4.326429079214103,5.237850328932937,11.37111471853886,36.89849192734527,6.129891569090154,0.3715223624286626,1.2550249937275708,1.4864685206245911,1.0,91.9762277194704,63.10258145949753
12.245327135940613,83.81187862247586,5.951202995178225,1.896672613589419,2.239762557470632,6.339509542357874,85.94643416470689,14.213949016598738,0.2259237847493558,1.4821386712400435,4.9364525924508245,0.0,72.72976619222491,24.614230906739657
31.47310053772153,43.89774380979458,4.931061156798672,4.311395340927672,4.501205057289767,10.821328325537834,62.6704021380591,14.53502270591311,0.44007690438381253,1.2744079461423483,2.6724923826115634,1.0,113.25976458465816,41.07075041913602
41.77236512658016,36.36937665657514,5.794514672646412,4.493300589497008,5.180875233669547,12.96739892545075,46.81722285621454,11.300019713023573,0.41165932969012203,1.1589341513455782,1.8224688093868295,1.0,106.46474859522968,52.53456358288153
12.712492635543992,69.85465716253839,5.298306021749458,2.7456923469967025,3.4774476968103833,9.538951818530705,65.77773331633256,14.180565687572779,0.36644464203076144,1.4400937473939301,4.17520876259461,1.0,84.88703879424932,38.33554500213353
34.902720803154686,51.13363893486743,5.175339891476632,2.9287703472273656,3.2913245513436835,9.914480687014334,24.004324935845457,7.347377379070686,0.2717253114134539,1.3553910445178652,4.02882521247631,0.0,60.34208405508656,26.648709140962225
40.08643227934764,26.849243137287694,5.370818237861333,4.082109047865742,5.178831668702881,11.129975541668797,68.41068906493662,8.39011978964294,0.292456878886277,1.1533503334897681,2.2162652502561264,1.0,100.44279360940034,55.43664658619927
14.5296890359487,65.92505620701799,5.843632914569164,3.486515821926872,3.758538425713879,7.649976611781071,67.09775788658399,10.088787705412301,0.21635470144729846,1.3339274249095123,2.825325376116446,0.0,49.388040461002205,37.46787218880687
20.04499478797307,51.8530922614643,5.025022176756932,2.069825009561004,1.7193431514805682,5.9068583169347155,45.335393389378204,8.657146400996778,0.2654937046819939,1.5203268362454943,4.865098036087754,0.0,34.78078581267173,18.796441173560844
21.99131840303452,66.92504656577152,5.3122905464744825,2.6379369712347556,2.7928133439932816,8.847859069597988,34.45354257519765,6.970792396289169,0.22181815527814014,1.48150053030188,3.8989498792487813,0.0,57.59136342112474,32.13138243033865
20.203210017893127,63.25675754304169,5.9618984080832185,3.670339069943578,3.60746773504369,8.943833904737343,72.87384682451423,5.887143528486932,0.2541976602275879,1.475624325531231,3.265157263064861,0.0,62.28180615925282,50.04103121596873
36.74122307685231,53.604428008474684,4.565971296872599,3.466978033296986,3.8519607425693736,11.505887880709052,10.300806434080169,4.138682843240869,0.37815480874960167,1.3549097001628432,3.776226017418619,0.0,82.09833758186642,22.89222557284645
28.040321508947397,43.62854930071278,5.944252082273133,3.054656388516275,2.948446531395547,10.397068934331593,84.19186934444866,14.347813858477968,0.265452423929923,1.4381063823581746,3.795876739954777,0.0,50.84989931582626,29.542754705275126
38.3189765512306,37.156669491590094,5.252686433578648,3.6026537499791624,4.32565992924536,11.573012081971973,67.56219080263682,20.816941716782377,0.3371249061116874,1.3740209866103004,2.857671164840823,1.0,95.00129159831285,37.201268315647255
36.05690297061212,47.52879232752945,4.975968726736188,3.486695979895529,3.9643818811015326,9.788280312680836,44.343998525774346,2.215029669879104,0.34165702615193005,1.3424324361462532,3.1620886767110394,1.0,67.16578206027519,42.6057031943537
12.560252227198614,68.76463065678969,4.7868589492578675,2.7451201021160645,2.7573270698321943,8.777588792543858,21.97149113543784,32.51106871998603,0.144760446911526,1.5513192922537438,4.187032444331729,0.0,57.73247038503986,30.785314642775518
24.263464977237362,58.97232126843646,4.677936785673498,3.3529670039339634,3.5763499282492415,10.408533086992001,39.232474148632164,15.208444014755644,0.31257941699051967,1.3618644044946215,4.079209999306498,0.0,74.83629359807121,36.17187410064573
45.37296434140047,39.580427727889294,5.631053776757771,4.543018965404185,4.986085960186778,12.81506515343675,62.494587751108426,20.51660015393446,0.3642157097163914,1.2555185678932883,3.108584240354353,1.0,93.96276393191152,42.3453179444502
27.853070690104488,54.90671026587247,4.419559421270785,3.767616217077188,4.628618300734774,12.164683596179735,26.92029698801836,3.0937988354695887,0.28988569087066607,1.3245913957653073,3.001392549615428,1.0,80.83534584739846,36.664135443348
43.216546097957526,25.48409754122764,5.249225359779699,5.099219838258281,5.448425040472017,14.217034856746993,41.07419763295947,11.43165088007102,0.45057339433482496,1.202258399775131,1.6729091842656463,1.0,88.00749085220399,72.2787774605329
44.63262159029783,31.21208713808199,5.304899584809389,4.379437118481537,5.237597855697725,14.666738925626362,51.98724846738434,15.26937465584408,0.3727830142334092,1.1856173625737938,1.5550482784794697,1.0,101.6520069630468,60.502083818109355
47.78192654845686,31.98348668598185,6.069003623314298,4.353032915943307,5.026505768210693,12.490965244316673,73.34857674481886,11.250336986212675,0.3641771496392602,1.2582883969828031,1.6763126874656198,1.0,118.36483234428965,61.16541256017546
37.33549600410096,45.364746662720854,5.457423800382723,3.9619187471888653,3.5685874536999735,9.942116470783684,47.92981379080396,4.196945318228648,0.32341315729202963,1.3173054899426073,3.7728750472230415,0.0,48.090500574486335,36.55274504594299
36.127866259775665,50.89099731583494,5.983360391849184,3.498740921777805,4.636478746568504,10.8069505802306,87.86646939721595,10.79604797855269,0.3622602599860894,1.3260653936271933,2.5968630752154174,1.0,80.64184543323572,44.00766623482073
40.834167439215456,39.13782807936616,5.426382690773897,4.344631618756747,4.916584469701859,11.847729071534863,33.29312097888083,10.041148564470692,0.384823491119905,1.2157942972627818,2.3214753808222754,1.0,80.32391014522202,52.99506808620347
54.15479378601985,31.60292579101472,5.087261725990774,5.029606951970297,4.701266062636942,13.733450943674901,69.72379672785353,15.300535888308584,0.42303065106863175,1.2333266594289558,2.969099882210545,0.0,69.47035030368244,49.26971400358635
49.701612499370036,34.97883713752639,5.82221007019162,5.109668847141885,5.347432933459427,14.284200509021057,77.30169729257143,9.036342393405068,0.373189434367431,1.2059160009944205,2.2578867702357557,0.0,94.6426412639989,43.19147431461181
56.31929382995019,35.247988503034584,5.181547418761747,5.8158474936970785,5.59176460593221,16.399935177224943,41.99316855196019,20.75103133693262,0.46466110092860013,1.1250665313806936,1.7496363912353061,1.0,101.573123316891,52.205324237175546
43.62909132066373,41.166746892604635,5.081015264902269,5.570264822213558,6.198057998732581,16.312235742254018,40.30497371490183,6.427274867236968,0.5084529903415592,1.3013793804544962,1.3682481479456774,1.0,113.43844869649654,55.12807204625702
51.119987108382944,31.01694801982103,6.3855958585466,3.415313724680788,4.07739031860022,13.345332078014854,85.7691396125894,5.054985343063073,0.45050561092532787,1.199707243443989,3.20094068518606,1.0,96.54864782279154,62.7173339402118
52.7619879866585,37.36977545664187,5.830045576242638,5.574771100340635,5.407255156475323,14.762289975820611,68.65633531459541,28.598422667229713,0.41920393031544406,1.1955295810421862,2.768985659030707,0.0,100.02607357274803,55.736093237431696
22.616065215983156,50.1651451120771,4.546273231829618,1.2467369614050856,1.0333264360806302,6.3940017352374925,25.43548934037049,6.765209139376449,0.2576948170315035,1.4767123729780942,5.44869478325006,0.0,24.6824627812403,2.0
25.192151978395884,52.64825064646516,5.023100389258074,2.7273581050452242,2.7803494945972136,7.376459187935937,31.844958489235047,11.569985197188798,0.25495655986178073,1.4581782252108495,3.2598886739636903,0.0,43.02376146531121,40.1897310783456
46.18750740868158,32.31800298646718,5.638422561008325,4.281056875945713,4.170404660348328,13.118466369224084,60.214651166668446,5.426812097523818,0.4256990212677007,1.3418946043056783,2.865310097615059,0.0,65.17637148370638,53.28256653074787
64.29291902886239,12.129540545121735,6.111832446213417,5.304809704045669,6.148929467822777,15.461028524207801,88.55019367154993,10.502639647855053,0.49235653557970377,1.1613471822123287,1.4788476622349345,1.0,131.3842214736048,78.0869375462955
36.73088260973709,39.427196398934356,5.853846204183558,4.6076647068859415,4.554380827193809,13.523061568789814,78.36068748349335,11.354856062670692,0.35939636697864746,1.3103525994275118,3.5148069972811804,0.0,75.97418645946746,37.79569973477876
42.56411747312828,37.84599396413409,5.721029032011305,4.221379473706585,3.83204851955623,14.01466689321605,76.33585806008307,22.424264911369466,0.4944893560250432,1.2646745149672567,2.9936517264532094,0.0,57.816612653989765,39.9906835087549
46.66078548751207,48.46754885356881,5.365919037613763,5.215794849539187,4.822533188761971,13.984424676323716,38.7655595550055,6.302498945458479,0.41828987721918565,1.2915642078214484,2.6840927859311585,0.0,66.46056435504534,58.06268493676857
54.47575867387667,34.410201898646925,4.858585113150198,4.440421103823351,4.071033846904996,13.45548448236999,11.40475649022911,10.533823252446322,0.3261635998829389,1.3683694320922115,2.314073671673758,0.0,69.42160775532228,20.671401326120574
33.34337802043671,39.388631539697684,5.5999452123112095,4.026898488150467,3.9570792348641737,10.623779859391814,65.29912959340662,5.346816571352214,0.2943599662860591,1.3781793026091578,3.071657261182452,0.0,56.05555493804161,45.05348903250671
34.68402043111151,50.93656212214974,5.151726015573332,5.01593053456138,5.500786787050677,13.792831532396342,50.464025937750435,8.126058082346695,0.2823821917175819,1.2002579083615212,2.0371740903327673,1.0,87.56145718930914,66.47339783665379
46.49038868815145,47.344160436994635,5.238875166133297,5.208107055843657,5.749455348779518,14.870183308178447,63.70402654702164,15.93728531008624,0.36362328796983384,1.1291984128383095,1.5221847087304723,1.0,106.62041243198188,69.44014892677377
27.108095502086343,49.4337034684599,5.062209386605682,3.264994663746444,3.841940465414548,9.506518700548828,72.83903881677348,6.151556838727401,0.21142517894814122,1.2949330214099046,2.9492866590780813,1.0,63.898326720002544,35.898241587247455
8.0,65.38786143319301,5.130462097077028,3.269020836506042,2.7950383468019355,6.465043601813213,45.67500645066488,16.075369858688024,0.24848874430342552,1.5148744622325336,3.4469470948611156,0.0,47.13968258785128,27.6776612700479
42.82991608279497,28.132301253965963,4.909232190893189,4.680573302024519,5.156926933134711,13.519768081778157,50.9681945093211,7.513114479006807,0.3775214515678344,1.3272657597436217,1.874861035325793,1.0,100.23408972955542,54.25264157901238
36.826647166919074,60.173352833080926,5.390346486247716,3.942191654234895,3.865533783178219,9.999439656874786,55.994813590073875,6.7560280900231025,0.3087252711209652,1.4458492200749136,3.1227053587249682,0.0,88.72346743010611,41.189329715590624
48.20343973061911,33.7212075428186,5.006422628793469,3.460383493114085,4.243582225511512,12.377571070469573,33.31176682391156,4.962270814473444,0.3088528797983467,1.2514644999218432,3.0436533219268753,1.0,93.3455351820287,57.19698598751815
30.524243249817992,48.440270748860556,5.705639407822158,2.9425397585016064,3.5344369815560306,10.019409956604115,58.45041148957735,7.934376615690597,0.2817575380577175,1.368890997903382,3.179461993969498,1.0,76.2658192541347,42.60361899481265
25.98036778797092,63.220436362441276,5.246695009253234,3.8862912308605315,4.699642499071807,12.28822117184685,51.601255417175906,4.6796978269777885,0.3887565854814135,1.1814425215635933,2.391184157423732,1.0,104.16967719987004,60.9655504917565
39.181856132518156,46.44950527526402,6.209341849473644,3.6226925465814888,4.031784137224485,10.499392786551956,87.79169528539232,2.2539168203801005,0.3495356771067036,1.356990133021379,2.4731694056929117,1.0,76.15951403333132,58.852729643264745
39.40490463248613,57.59509536751387,6.051743142962702,5.596671923011279,5.792199108880762,13.179729221595757,82.1991170622434,8.281980222736403,0.45506615550071894,1.2527685154450985,1.708286490123047,1.0,90.15499149435745,65.07882047532827
34.54175382381148,46.8117374480422,5.235181301863234,4.27329334396563,4.1556780553833255,11.125476629260762,47.38602548665809,17.058421281476573,0.34138021211761577,1.3818605995106412,2.3056060464812673,0.0,79.47811468966306,51.12949228626499
38.871746196251024,34.872128436651394,4.673836400544626,4.52751621480736,4.9990166855501394,11.457544367194075,14.343500328277091,8.06309783656135,0.4401033039062444,1.3293224686457017,2.6759190789193994,1.0,118.6475826521397,69.75040588983804
57.81417786492218,20.958692049754603,5.968026097023922,4.950906952160556,5.017608331016002,15.566948495072483,89.73739002284138,7.581175012699088,0.3856844763098669,1.2192361651652075,2.190580620844625,1.0,82.28579300660053,71.58709885705593
59.87394779459514,18.883527802737767,5.363842802323294,4.453889197350062,5.1919479717388715,13.597400431740574,48.95690418619793,14.765515980807757,0.36277440547953593,1.125643311882783,2.3557710955324693,1.0,101.9946971555162,49.1879260100765
40.66992080309732,45.87479307661669,6.14188534645676,5.019769609363873,5.600286562659884,13.747287233453594,73.7968956923953,12.433501786123424,0.35432112733165944,1.1357542722513545,1.3571981506159592,0.0,110.90642892300772,69.94357452803183
10.83455736632586,74.38774915727896,4.947084526606508,2.048916107146164,3.3161095499298874,6.123280125611574,39.562312672720665,5.131838452370683,0.2855387506922125,1.4621833514663876,3.4738251648759477,1.0,64.50472222027862,38.49079525501052
27.562199242327203,63.74157226403953,4.881635880731077,3.7944394689951757,4.532414992331941,12.704209404083528,32.03608792648877,12.33040061502108,0.3599341671056322,1.2552030477953489,2.351181174796212,1.0,89.40263146219777,36.57210488182519
52.830060759973236,34.288565674731494,5.764889764501362,4.280986249178523,4.521362089332639,14.104637926188666,62.498667614712666,10.831918042897682,0.43003936798131703,1.3020961059234664,2.94235337876276,1.0,103.22791692900438,40.17731463239605
51.007235433142654,30.759199335287935,5.503862683397917,5.199047743182972,5.076929724954463,14.264267267582552,64.94157933737806,33.97880388953063,0.48660436934747825,1.129946473928887,1.8500449316340695,1.0,105.8333949406161,53.1142229931952
57.80625810939753,21.037448516960655,5.275595831305544,3.3120519393841277,4.011341579444582,12.31212661001194,37.45200932450455,12.362215780717197,0.396663712742242,1.1676452512119178,1.9116914482781933,0.0,60.97497931607501,58.77275855019745
38.00887459992032,40.54981218483866,6.804184351255513,3.921124239484726,3.9764317882092013,9.768466928865255,92.0,7.129076579380566,0.33579346371921337,1.2549079036082547,2.8271466050544873,1.0,93.14364043333023,78.51434879968187
30.97766701831638,48.27848225263274,5.030854191225822,2.4295622395293432,2.5270885842786446,8.970236937806451,61.65204229502361,7.723067340796347,0.27790168022050676,1.4353334948360736,4.187435278282141,0.0,36.22327795099204,21.329453192328913
28.66896015759064,45.68710005507864,4.9936128105090996,2.936538369636182,3.524295858599033,9.627286108521798,55.91193970008997,24.814068495627843,0.3585048574556826,1.3237295064344667,3.4240840742931162,1.0,69.65705272393589,32.470511909499045
44.119763447359325,32.490400170339626,5.028833244927741,3.811269902605095,4.152425825829579,11.760550888723069,47.62875595546467,9.168015516478643,0.37812334086341615,1.2756885803410563,3.088328978990353,1.0,87.40623684539612,37.93864225480482
30.307607984867275,44.01308614013172,5.023895094472011,4.066192054278616,4.557404521476621,11.782621097046027,36.65456315217658,18.38292111569104,0.36661562578962903,1.4017321825282612,2.4213355402539376,1.0,89.69749825055713,44.5750829256235
53.88399623292855,43.11600376707145,5.867442435594459,4.24891079493142,5.061018268655914,13.676380768036255,65.24383751599979,15.340914831817912,0.40643705019941184,1.2225725211602831,2.4556899558103855,1.0,102.30076763395242,75.59573608017413
32.739543726259264,37.144115490014386,5.273730480825049,2.9387086050252504,2.5826009407570343,9.506768417752735,69.28036370833232,18.12392014388175,0.2787087951809505,1.313721113363906,3.6158570856065335,0.0,44.81955549166996,31.125548453905065
35.72233937149646,44.41446227135805,5.305153262504843,5.2531061973716255,5.863358885735654,14.56393652813891,52.13184898079316,17.16747811561888,0.430743629045935,1.1826800419396235,1.8811622362045812,1.0,116.5263533158518,75.04828644314485
30.839912394335943,50.3379269787825,5.527582552181223,2.9356221775242464,4.474825372679554,10.776698543325214,80.49799108371631,11.900953809786616,0.36952371449328597,1.2955278760098954,3.0753990519124264,1.0,64.32897912437808,49.05820707662672
44.783097913257045,41.12602150525862,6.221350209251913,2.903444676933198,2.693601331573517,9.784201597424396,83.52690254573466,5.5781494578963695,0.2295103829225067,1.3268357982267986,3.8976130706970338,0.0,32.22705589577852,31.978706514691982
35.18964457509962,56.86445350559924,4.791507350196631,2.8482256912029764,3.981334276987623,10.482742361399865,29.029013092175983,8.886392594218671,0.38806896758798864,1.359917580470352,3.043423576275722,1.0,83.53986196581766,38.68371715030137
32.16903376774223,57.20946736652843,4.9793836483268965,4.5573470252882515,4.362144852638686,9.321485167206546,47.957386673616604,4.552990249686117,0.2963166242747722,1.284614174177986,2.6123974922115107,0.0,86.74537089538653,37.13690071397842
40.09043641896868,50.78171009836027,5.765936883393244,4.175963367100871,4.1693217664448055,10.256259644870672,56.415470440444246,7.60235995762736,0.1786792112781211,1.2769590106267106,3.294701217244391,0.0,75.12771240189787,46.19775945164978
35.81947808328218,43.356248299575526,4.720900509515671,4.544873534512376,4.249725955761327,11.358878729269566,28.135456659642422,6.892535654127672,0.35724499970707724,1.277254660722591,2.919893621034853,0.0,63.884294688976496,35.7221817475148
27.442037805526127,55.539312384102686,5.265490510146183,4.0404932143793575,4.026309404775579,9.403234440469722,63.50957688603319,18.544136672817388,0.2959732785706486,1.4429662130625553,2.639451047177296,1.0,91.91687279511328,22.739237604194503
8.0,77.72534564498349,5.342875028822833,2.6176035609314097,2.7349109500608617,7.3459319931266265,70.117832070743,3.3497595889405485,0.23588296590112856,1.6186582848930626,4.078876780567663,0.0,41.93431572754802,12.202124379914444
48.84030260709089,38.8620346961916,5.428592563641636,3.946946674959872,4.140477260660602,13.192676532916483,69.52828791747659,11.212661607407084,0.2562201576705401,1.3843619242386165,2.7018352587745347,0.0,65.30309659752066,31.915757865677104
27.684719172318278,59.50411573510664,4.687185436349981,3.245605471654124,3.8725463806753484,8.321570349345256,27.364810962724956,6.192654462364047,0.3570544277006653,1.3484272459657014,2.6131599503438854,1.0,76.57426557058066,27.155709151844484
75.29668310180632,13.442572475774186,6.765535923646802,5.063610000803818,5.327703725049538,14.898043350418448,92.0,10.018331463295748,0.4336821199597245,1.297614987290227,2.273794779764384,1.0,109.68029223915453,80.3126499865759
8.0,62.65598150168962,4.752132397816484,3.2677701187441275,4.0498737407260785,8.84147550839924,45.98316421154103,20.627437660480634,0.3163403404670665,1.3446141979088875,2.7231111622935398,1.0,106.73394920737648,49.219223104694976
37.38229240116508,50.347869257439434,4.998094572340497,3.4411780520679693,3.6655918948218402,12.11210223735814,54.72131374751331,25.296395117609684,0.40191058283778774,1.3052221371656154,3.276285759820915,0.0,85.09432496988605,45.7445174000982
42.01344816697998,39.98215873247651,5.327147950772795,4.766949208534107,5.581518274961631,14.02128972898184,77.07113432967499,11.32680355732147,0.46438992200332285,1.2642669884545765,1.1792859957225224,1.0,112.42033664028321,46.90961607502231
58.28553762368017,21.24839399110518,5.360208678885242,4.517294554718493,4.605231617717007,13.365964827805197,27.65032625105796,2.752923807255336,0.37826674794649523,1.1763145700483788,2.5480658655520765,0.0,83.0167899893696,37.21524323649456
70.11211234466825,16.845790286468485,5.659987570998925,5.409668522887363,5.9856354101451545,16.287568819949158,46.3458768036901,14.50603024080433,0.5024571959806555,1.1013100647863285,1.4838843172634233,1.0,99.93391320840612,63.753939496204666
23.338374978493878,57.10490287534718,5.535584983566705,3.2523224011135268,3.0112724107677162,8.77743533980421,68.94192234614556,11.008862187731465,0.19204456586564644,1.3782327711017128,4.225664991879637,0.0,59.560645483508715,41.869557808951235
9.512991250830222,73.9859687619851,4.730334994593819,1.5540611015629884,1.8854358958453379,5.434654151864853,32.2917885858662,14.236301454194376,0.2631032249349954,1.6380121863623378,5.088381281017024,0.0,29.019406498734597,8.930638000821762
29.189133730465954,54.69144408933944,5.297504376486619,1.7910247763551403,2.262464808231399,9.010701194528535,67.8278511745497,12.782619510155364,0.27488824155240904,1.3538878820190814,3.9822614458470103,0.0,44.792485688221774,19.419402718616887
39.913997693634485,37.62166896683156,5.27183030102266,2.338628413684461,2.2477967936147505,9.471336091537033,62.64399875357817,10.078670686766007,0.3216388800551204,1.458940384325182,4.457445188026939,0.0,46.20648641885619,30.146916185145958
46.75629539090916,44.777646931245485,5.408331637733142,5.161329166604537,5.247922511826068,12.409878836300198,51.107230213398694,4.990156542095605,0.4197229273245613,1.297810820526123,1.5679465278189917,1.0,84.79931777532249,43.9843630347663
53.12875601565553,34.507935091598455,6.039702617477379,6.056218323792604,5.88466056981571,13.992755275102555,63.70264970652771,15.70352326097071,0.3928259441469768,1.1487147990548319,0.9037809194007244,0.0,123.1072063744741,51.47205842615106
47.25748283040488,37.995634462537915,5.676719888624497,4.163814014266163,4.334935151962578,12.225742921864466,61.998681323116635,13.286029988172315,0.44445334874750025,1.3120924289080913,2.9846232779579265,0.0,63.9752669250242,36.50234747614967
45.235015518291476,34.142923154090724,4.890773316081593,5.092634094068526,4.843964512704526,14.240276579275925,51.696883782924004,5.1087213834086995,0.428139885491201,1.2765255939255145,2.1828933193252125,0.0,95.48643808642353,56.934306787599695
23.048128910814384,65.45934137233442,4.931084682462188,3.6785556088289377,3.162940550768414,8.776581378088498,52.922468808605984,8.884172754897357,0.2283320302147731,1.4647416026867408,3.327700337061081,0.0,41.120870599485414,30.94237384211786
9.494372591522069,68.02507022808916,5.313937470516187,2.0958877083747227,1.9299212235325278,5.277908308832574,39.629082831402144,7.025341530932089,0.2492263152372226,1.5725508947722215,5.276216342720008,0.0,54.773138899164024,27.233702725446825
49.49309204120529,28.158121248304504,5.390089572714826,4.077680634369845,4.518208563339356,14.090695491498073,30.754449372911697,7.163207000017052,0.3867726592902289,1.2753204373129008,2.9400488866649677,1.0,78.31077727755417,45.964763783113206
47.31365653818799,31.669950618233813,6.460406708417337,4.504055597010038,4.323645625901008,12.267628134053478,88.44460863062419,13.38489971556219,0.37551553508966806,1.2493424186573354,3.259618383551375,1.0,90.06424798349212,56.42299666905602
32.697373104636746,58.39674669757596,5.493254439555495,3.4570544423750253,4.0834153246446725,11.529617930826909,62.241104601655906,10.939572191631022,0.4117000824562737,1.406371658677022,3.0771206954772476,1.0,83.59443654740521,45.66557798538867
19.5995461825869,62.25324047412265,5.694657955475464,3.1388221588131033,3.1492072105983397,8.713637422167427,63.76422406618903,12.584216828208346,0.30876304303367774,1.4823889308403777,3.6362661104489957,0.0,58.75142866605593,38.89844731619841
42.58514635041263,40.593802151439206,6.186389312822554,3.970393264716775,4.123237352910959,12.802098634486672,76.37873837321249,2.5526386726494072,0.26556762417403357,1.304516593954051,2.872779557423981,0.0,95.31301485913448,57.97978426894241
43.071002097667204,30.343743122212594,4.789352358987375,3.05525652473296,3.286455385213174,9.255190285020982,45.41620301091589,4.101917937879393,0.28330125422886004,1.2830556757172529,3.894160137173354,0.0,80.04141401033382,20.82814486032587
32.67032721442293,53.233378450688136,5.845744030153561,2.6796283813183077,3.074256919551873,11.151922540224207,69.50986309080767,6.624253538790131,0.3179615406948436,1.4336249540348749,4.154803747783031,1.0,61.445139087394935,29.495793283742564
59.004594875428495,27.95116614959888,5.603178429429588,4.836866469774392,4.510080843407584,12.881717778554487,49.446642867810475,10.1408018152036,0.3250306928876538,1.3476174487252046,3.2264523744444515,0.0,82.99569981152415,37.771909935584205
36.40737081785925,46.55323988112053,4.8443957344443245,2.043772315902906,2.186922112645978,9.035677375016396,17.435279941491622,10.810994078122373,0.23382518165492544,1.3227480778076839,4.029397012186365,0.0,41.222564761765334,28.022510615467677
34.382113477503495,39.138365765017205,5.518987408038077,4.011217430077088,4.312783236823566,11.200493639768537,63.683194320018124,5.0631864458865,0.24024153843397772,1.2749386256293784,2.7260764704875493,0.0,50.829201175239845,63.87610723248169
40.19577505256295,46.59793073724561,5.268731860641745,3.660112652483555,4.004922588133186,12.273982279762256,67.74857431367246,9.904687511766365,0.3947736882939606,1.2301704742259367,3.3576234452167157,0.0,58.226574996195964,37.423681903271714
39.54966315558342,55.599890930145364,5.454875890173204,3.7860512733096083,3.522588322483192,10.758826828099687,74.86829398572648,5.588218024092816,0.3050626946803909,1.3577693525945673,3.6554090628308233,0.0,59.06832451052066,25.732221696444064
40.22048473834777,39.37432481546999,5.351929631639208,3.4851244429517125,4.12758808404616,9.565459749345225,45.39973752535814,11.361159453588044,0.32336386721616117,1.305340272926645,2.9219628575705285,0.0,77.44355841866279,46.52744320813267
26.33066429699739,58.08860670530307,5.729998185912239,4.1266076894363755,4.898658729040784,12.217223383367328,69.33263554013489,9.474279844151006,0.32669462146630174,1.2991975179532695,2.6127105194260727,1.0,89.46495152847022,61.15401006020721
33.27125338013947,46.02171340363046,5.405982806525362,3.686415578008796,3.5716987452236832,10.90122777499657,49.02880695459918,11.413460892635293,0.2738530316432708,1.2740308301605119,3.1264495814184428,0.0,66.71914310314254,37.897284984345426
39.34050579210306,56.44059530909495,6.050861547650192,5.0712948123267845,5.125212925124652,13.018731854645957,75.06977761892904,11.634878661644418,0.4783821326955483,1.3830808964837709,2.1566225576338245,0.0,85.34420887420553,41.66862544002912
42.26863455347802,40.809161691628844,6.212823406613943,3.929247214915546,4.823297458388517,12.533337634377565,81.79766933001794,15.15547340460466,0.3298880847419273,1.3278429698557312,3.0875965829399745,1.0,96.96392474841187,67.29474455798021
33.297680676339276,52.41383715109592,5.200932066696852,3.8016435472265573,3.055238219446935,10.772357197925459,52.282917393076595,3.2190537290642065,0.2693241332812559,1.3053117987630447,3.560246243132716,0.0,57.060271392486925,31.597518606217022
19.80677268228582,67.17805897486295,4.475332868894446,2.897153264255273,2.7074853905283836,8.429400059566705,40.39842334700366,11.710672376309798,0.24806343936742015,1.4051343822364484,4.297374143222381,0.0,33.86967584254765,10.699465828493691
65.30675848432809,25.174818082204645,6.299486795507015,4.631606089101881,5.434110516264977,16.73581640031736,81.58829130996209,2.510007085565037,0.4057454724686493,1.259999554798629,1.6549712323785717,1.0,105.6001962184878,68.64857803529628
26.50576532084514,48.11342540629575,5.856896745605734,3.2522897505895028,3.518087601845638,9.119961711123596,72.5490240488853,12.540157220584783,0.24956394088028044,1.3075053007919628,2.6516678231679784,0.0,55.3933306353659,37.73682938325649
48.72275297580401,30.96399340154904,6.197177126051015,4.892690781088252,4.94811282787504,12.935064998942439,73.82048693768762,7.487542512537583,0.3730410887523496,1.2617986131610819,1.7503860123598622,0.0,96.90111292810175,50.85923778488186
39.27737078591954,32.1036891210425,4.893648492307964,3.5585225108027174,4.188703127220718,11.000644990684641,30.16615884742512,9.047146297317209,0.2731097252756019,1.4750795948222384,3.414740985231,1.0,68.38261243355873,25.662405421206316
46.29464746258575,32.79524808867402,4.745835202739908,4.032804010108802,4.628516630175272,12.155105098621368,24.42118963655834,9.777414669858457,0.3997190505688175,1.223843758219331,3.0365052947277302,1.0,89.17211391045791,56.3650743137308
8.0,70.94460248364825,5.29435271605602,3.2234447342619172,3.14549930830749,8.536159807545218,21.6143661463266,3.5743114311803987,0.20298781416718165,1.5765537523934692,3.6317966011183223,0.0,36.837732630929935,34.492418335545246
34.93849227182237,45.130242207177474,5.950276023857638,3.8652618201043096,3.7901490175127184,10.923250815810457,61.191563061598416,9.89617923700513,0.20505944325148012,1.381596757165632,3.8896490675402546,0.0,86.56048294433666,58.43970119943181
42.25139078112145,45.127974902208265,5.116402156250182,2.885872292061964,2.7778406933342805,9.920608715765276,50.02153538397734,23.150896473161175,0.3372243215423299,1.5107691063771864,4.596297134597561,0.0,51.318192170179444,50.39297411261602
42.39249003936579,34.33228805604524,5.81343871490972,3.5237628023604177,4.483632542640377,12.403489805306082,78.028813810713,6.193218337721777,0.3352398542010625,1.2281911380369022,2.600782727217635,1.0,93.51830146080368,52.359530199476076
29.083471693157826,63.60197895915768,5.418468806673955,2.7143377759738527,3.504260806681672,9.983647836909606,44.98806754145067,15.921053728086696,0.3333600271314535,1.3529137337789614,4.086409681686547,1.0,79.5682819229139,33.23072315897216
26.879289226018038,44.425249633538826,4.864010584866136,2.2055213113572103,2.6235984602948874,8.114816058651865,23.864006525983505,9.406430222322246,0.22012528614840257,1.4495005613910779,3.6220889641375944,0.0,49.2372238960833,22.82789993340961
18.8954890340318,58.4914087543719,5.57942384092245,2.7911058914234714,2.509140801964546,7.771064949870092,44.667496707397774,8.204761793123655,0.2519371381629711,1.3867088828019118,4.103013149344641,0.0,41.055967487305395,39.98523992023133
51.24583751794484,27.94856885369086,6.213989370184811,6.322124974018801,7.073534006910009,16.959843564115374,87.40768763306001,5.546653278730062,0.4302523533764266,1.2623235733129212,0.4,1.0,126.4178680422489,71.71536304713831
47.169454885116735,37.30221876136415,5.9913666244826915,3.4395813372380455,3.3239282819776403,12.024235441711605,90.64990255214984,8.179456709736991,0.4264594787108456,1.3210028402837533,2.8876346400263992,0.0,61.47246430307323,42.15349737526941
43.55226595724481,36.66513177507861,6.427210823825398,4.555277530460196,4.981748533336925,11.758044143445929,79.99682135126629,17.264415505048397,0.3669866118724546,1.201571695024587,2.6989583844554716,1.0,106.74343087423026,73.81835115475313
18.905496992531013,59.53388043370944,4.386552158743099,2.354398060626824,2.2041219999264596,6.27549238153723,21.064570561232998,35.16654978765776,0.1802828851556203,1.3819246008313106,4.181294078101361,0.0,42.49378886488901,26.331708026607714
30.52582074724024,56.57959824898287,4.371225222803932,4.599785336328894,5.113142223168954,12.501769241337495,20.877809471813762,3.0883140768037447,0.33741688887959,1.2813412162812794,2.530620254832432,1.0,69.65606192442223,38.53905043168383
77.2432760365918,5.0,6.927646351817445,6.485451751579935,6.522996915307438,17.84722008912088,90.83262525179438,23.998858709669275,0.4642012898655732,1.1184911714093886,1.0160059000619073,1.0,115.79600497510985,70.80455909139563
36.52196253400087,43.13341135624645,5.183184883441976,3.1210454727798083,3.2750826881661856,9.923649009208829,59.143973842716754,9.983092281423694,0.15384346694103399,1.4203502747020047,3.713848297652344,0.0,58.06473240077158,35.15063542940386
20.379648667137776,58.952144809222354,5.76157611138514,3.5008251588759585,3.7671017191048746,10.967442243812325,81.42767199372157,3.622577083354056,0.3210504001297402,1.3943638281348814,3.0834644732001566,0.0,71.87045312188435,61.32785324246769
52.16134925802292,23.87400080944481,6.336723938717396,5.614143346748106,6.000777884823226,14.929463882957497,92.0,3.14093841736394,0.3613814849771953,1.1841759908280594,1.541289314668305,0.0,93.57885212395504,60.26567170511217
37.68210406233695,37.492584506016044,4.988431879992172,3.7806580825268705,3.840777968920568,11.213898243216669,41.684659183130606,13.608216691856812,0.41202845715828434,1.3562691828363873,2.4560716710486776,1.0,76.37421643966516,21.877956470877074
40.69537026487869,40.04082727495047,5.34866395273708,5.03968029317039,5.2993620592012,12.560853367814671,64.41245498796832,10.209879160321208,0.35323628226216,1.17655633563103,2.1228678091971416,1.0,81.15195833094191,47.63406853837957
38.90684558410446,46.33386547652696,5.101387057988376,4.1393729065991804,4.738335019900391,12.323670868074661,44.9028106605654,7.640009709570196,0.3876153310395889,1.4096112057376466,2.4876609084964274,1.0,85.62940173256935,57.55514792652704
43.308451367244686,33.374879585170845,5.351810056887972,4.445389788810727,4.40580705875852,13.397396333953287,67.136441937119,14.075382964691514,0.45966864993287826,1.2508271907248298,2.6702347148024965,0.0,70.6473017572599,58.25377244459729
40.996067363110555,40.21087950404811,5.472229359769279,2.905022516403739,3.1785004366456677,10.405136725197819,42.466377868826996,15.994593284710852,0.33782180268287787,1.3784998445621286,3.7201458148322466,0.0,53.60663713334788,35.339983948372954
37.71390791852662,42.038313727828374,5.996439079221832,4.340909398519804,5.114080310090003,12.094423101069653,88.22048696486682,5.119203206217723,0.409540666015741,1.2567453851147827,2.405133935433223,1.0,94.43054879809841,74.86462767255259
29.303164334583347,55.0922261253921,5.482717149789013,3.32575339130949,3.7872811025300637,10.707990624388769,53.885805718717684,27.279422840900043,0.32511793067876094,1.4687048765454436,2.7679695555959354,1.0,96.7610001723996,40.83286836144137
29.90536035983953,47.25402289600869,6.2442318395569805,4.124886823733674,4.712414019728278,11.30771256855221,87.96373972603274,4.123862458011318,0.3556411876230173,1.3557957659842998,3.0957817317620346,1.0,88.72921246450923,37.22389646832251
51.26186533494587,38.75271136645665,5.1875853010879736,3.8460932537433337,4.147085735138487,11.04011405803369,65.0630233297242,20.391624373071203,0.3766577435387157,1.320729036545291,3.1640333693891356,1.0,64.80544229994683,60.58305956527536
12.746450125946463,76.131250118109,4.462023346240775,1.3550067392187723,1.0039347452441751,4.35405045183963,23.188902756472796,18.832457831756056,0.17018933796946867,1.494306939689429,4.992635948982534,0.0,24.659194999226337,2.0
19.52428253617699,54.41897822067669,4.671341678265362,4.73703472445162,5.361058224244679,11.329480165568452,40.45205461588415,12.739896435062702,0.39061714821175797,1.2782411796474513,2.106013253150853,1.0,103.1648164288796,51.0389365190574
39.48076915424969,37.67555078056094,5.8866442982656215,5.052953367185234,5.332887102765308,13.404557004112164,78.85516061352853,4.213128407916716,0.3934072743844183,1.222537758620995,2.188315836124717,1.0,83.0475689107156,84.85659133570672
33.877916889245654,52.483479190428994,4.955054561511815,4.65251058713821,4.735740175150505,12.317689626797863,18.06740728669985,3.758679019181628,0.31490138845161253,1.3761728340567956,1.9664937139404355,0.0,79.40530640956354,41.80688534903858
59.023870257168596,28.199789959218805,5.961231404428313,5.030118676831862,5.413459234564481,15.36358042237575,64.65811717142127,12.531720610598954,0.4682013599137224,1.119562841367918,2.575772076639817,1.0,107.38425013588247,66.05725639511786
31.223235598046664,46.80930655816917,5.68586727695266,4.00002230179143,4.936543405909365,12.569852511648428,70.11359417051372,21.271979097351622,0.36413754803582715,1.463069801573909,2.5247967664506854,1.0,78.25024092659564,47.80037161479106
55.8598032557241,21.744019754925684,5.502499067229497,4.259445850530831,4.356346646812796,13.166576252328763,70.42496988504718,11.649347153491536,0.4667714872657716,1.3237244345918189,2.983673800875592,1.0,96.74900506383493,35.83817960414267
62.828191045752924,11.952321570761178,6.515916003858775,4.773262008098444,3.983522421194968,13.289413539221757,82.33697859312612,9.698250367939993,0.2843710957600091,1.2865136599063667,2.5751647609821595,0.0,81.87681290132477,49.17388424111094
32.593473474833125,45.1929569339812,6.058590957202088,4.617224662037271,5.154497069785937,11.79502351223549,80.40183264885601,10.138798208887206,0.42632096782877765,1.2379022689976127,1.7508064907237464,1.0,96.7531241631275,77.09970714026495
44.25690238587654,44.59951937175212,5.597955218354773,4.489756313181438,4.233902044963285,13.107498114254721,78.75006017606493,8.194432347472496,0.5065233676874996,1.2090521609074734,3.0746001293830587,1.0,93.71712444626928,55.928766514587885
55.524001610284785,22.198347665481464,5.373491278793,5.66745700087702,6.1647188348549795,15.011143195294514,59.437075535213786,16.99302622398818,0.5042066835605136,1.1520463132160652,2.22752992159311,1.0,115.54248668818137,59.025381808063614
34.00478830195117,58.14476388612033,5.640658541152079,4.282256704481032,4.72256006462722,11.620567245143377,63.54717764025988,12.173388158725622,0.4273541013422345,1.2630683622143972,2.8175021013915416,1.0,91.39446038300443,53.25997985609337
50.40768941101568,38.51563347823096,5.656571986443194,4.920909214574856,5.759355490015238,14.311049738759793,79.09386205391493,12.603958706948804,0.41393422377644445,1.1503357893264226,1.970748320273568,1.0,105.09156586080034,62.51723342772914
36.43997552722327,54.69249603190402,5.447304699166223,3.7000898932999817,4.029924572662687,11.456945216347524,54.82096620839421,13.665537278625266,0.3633833171697842,1.3728371914012711,3.0176190941636616,1.0,89.37735141199886,61.680842360665935
33.82167539504941,41.79955468745678,5.468691128916444,4.41808861800776,4.708232169464136,12.422029198162695,64.483896431728,10.966215087738444,0.3442998448487154,1.2968809375594441,2.1181378084512628,0.0,83.37028993101788,29.332663978575834
48.64182650082592,28.441763926917424,5.296987433543361,4.24416620919106,5.349456139380343,14.815223121869668,52.82010808520095,10.477203479962856,0.44895659800422316,1.1850181059390994,2.1395247287444605,1.0,107.31472093908786,55.85873804631975
34.998236936122716,45.84556828781919,5.15044988184516,3.0548420228922826,3.0493311668366783,8.694715140079678,52.22012385913882,5.455479508363426,0.27230219015014834,1.4156037391590577,3.8415679474943394,0.0,47.53741093514184,41.224881916101424
52.097830519128024,29.6239035812057,5.373419364671354,4.200446882950943,4.675786349783325,12.839701728028077,60.689960483326516,15.670745807085677,0.38891899441509875,1.107534211750485,2.2664655241621747,1.0,97.9836347800601,38.711434927777645
47.12844712893846,35.15125857366398,5.997224662990277,4.038209168541929,4.6533468502084325,11.830916937596221,73.23016699215363,18.021052082092293,0.4291602875307696,1.289871438952666,2.3579800862889337,1.0,85.87518387727755,72.79487922737135
37.23319547580392,46.228701214457445,5.236365653454937,3.7397245310075853,3.3230915772083445,9.873292522207322,18.142708694962604,14.266381708115311,0.3500373462276313,1.4070644643727412,4.170718425423169,0.0,73.2776523406343,34.90665025057853
64.35699452624064,17.38387108169873,5.804352840711293,5.860273408288722,6.00905247399911,18.52389903729087,76.65282020860823,6.342433995276033,0.4418484305577208,1.0953926776629752,1.3838067206214306,0.0,96.83476197014721,71.66654326238543
34.94887953911566,52.408394981649536,5.590203186219832,2.805891198747661,3.0990221595122445,9.36806508821549,68.65521367637476,13.216578544496498,0.3034215752509567,1.3428390991387733,2.7186118369612253,1.0,66.01606240102582,44.77931668224795
24.7502148860224,54.36718848339511,6.436103546956057,3.168044342142357,3.8382420509334327,8.985212635830573,79.55089174654216,7.922562609803794,0.32829811731889824,1.4043226988882516,3.476977603642016,1.0,73.68035781190733,65.11793434638196
28.10479820940373,54.19061593830659,4.533847191015259,3.2660299405796964,3.3795104287139646,8.93484651189308,18.564428616572958,12.275684211299719,0.33089845597757805,1.4533995000511593,3.08230490525132,0.0,62.29653140288866,23.73637479409967
58.92157223586979,26.475654097365954,5.098548449360712,4.582139636615008,4.821946432590435,13.452090919612784,48.799486885037865,5.762327492142737,0.42234519593176406,1.430144051849247,2.0229271287679085,0.0,103.5845392051016,39.94978008055929
23.577268378092743,65.08691882477542,4.934065645888502,4.554965255597143,4.5370974678985325,10.770961631867438,57.61528939165961,9.872010920360616,0.36189821293066865,1.3466287872683718,2.7479897670262314,0.0,75.47468532112136,50.401974361217185
24.24860287273718,61.729713135670224,4.909507716537833,4.580537127495575,5.133982476664733,12.177457829905638,44.18031990819466,23.294245013706746,0.3549374981962104,1.3465686970895483,2.3069023427592747,1.0,100.93814776586692,39.89541050490291
37.30075735129057,52.0015384614209,5.089896719900785,3.2269441855503818,3.60001998306747,11.783972550889485,41.42241006191656,7.925323365343756,0.31898738246304587,1.390240468995822,3.510104994691181,1.0,73.81042139185755,46.94382016977127
29.227449403669368,59.55519674713496,5.219644635575595,3.7704278954747816,4.508642908909693,11.144629454427873,45.46715847327182,10.009923915722453,0.29247275315400206,1.186878898130427,1.8673712177628163,1.0,68.00397097474745,34.67415185959283
36.516213368663394,47.530005736946876,5.3853620894397585,3.8734947152587145,4.258518730886576,10.549042954772345,73.45053729504758,8.96721737138478,0.4124200207913889,1.2847860359131522,3.1801547681604845,1.0,56.80407608992312,18.328443310570666
37.40901380631077,41.137838492759506,6.913023197165844,3.896682360471663,4.251708437971842,11.320042946968183,92.0,14.783651615748443,0.4167116807331471,1.2782302540481818,2.9780462196772635,1.0,98.6706562175603,60.52339006760289
39.39804357007005,34.791579502896916,5.691559740744818,3.6902458157661533,3.9128311252642693,10.06699234895461,88.65393573335034,16.749595764474233,0.3219454064605837,1.3142916457541196,3.123272792786616,1.0,87.44263273368713,39.94820403509104
36.800465016058325,47.073106394916856,4.7343500806547745,3.383108190341385,3.740960473104354,11.24594593914383,21.250496038109176,16.45926546505747,0.3188731111880347,1.4140035284887353,3.187019994147116,0.0,35.69830678796309,33.05481812321938
47.661375574707705,24.28884517995761,5.249758054205099,4.8245339455418605,5.521280759501221,13.781468464673596,55.652268788359024,5.375329935395272,0.399404806031706,1.2253957023707465,1.7342357601757794,1.0,103.13711023052846,64.55938009352452
45.24883333710726,44.76817072636446,5.172537401807673,3.3934499691713946,4.393557109684511,13.406191526391018,53.269792635882865,18.74776709986713,0.39436842879603606,1.2728964241718674,3.0669648591646848,1.0,83.24739746852342,63.01790653026734
45.65041605583227,35.18246970830495,5.330820804950416,3.781489261948877,4.462299495979949,12.18358887767402,34.16275899913014,10.699689266207724,0.36218357056913925,1.2908910355572627,2.9988379081537557,1.0,98.07953144908848,37.65799142830488
27.223154688051267,60.74504845465202,6.486740298153947,3.546498824687298,4.176930589791941,10.161866162291108,83.81283344575677,16.799505565176368,0.35705632433062706,1.3226195114474275,2.3420535630824078,1.0,64.01830293114018,57.30649921257548
35.5918817721455,43.560290237533806,4.89301120629008,4.600881768049999,4.786385348366711,13.594327112393977,13.52333439601921,7.090911580249592,0.3734576077934964,1.3677134587522757,2.3923281343353784,1.0,85.13334802283904,46.54220396325181
30.86373934239477,42.206831900833606,5.953929278316008,2.579197846211386,2.89127730652535,9.883014328219389,76.73256169319035,19.089523231352537,0.3244080232703365,1.4175127944393526,4.600381744274586,0.0,50.055869201829566,33.312930106510414
25.41358366292464,65.10306412234013,6.284577532513066,2.6525034982476754,2.8738990747768915,8.804422177454128,76.16087380666046,9.800671469057507,0.2635395844454459,1.3733226361010555,4.1386720989734584,0.0,74.48716295987681,40.533150561149405
34.61223001994676,43.07957681498772,6.730541156626791,4.5504266553164285,5.895858097655475,13.793135804460485,89.480549459555,12.358682796993637,0.3560276625945874,1.3318256258157322,0.8959746087895243,1.0,120.32272248813453,74.97806223105732
41.36747164588096,41.169846878504785,5.274698219891807,4.662734152099672,6.052115260737098,13.910160276225215,78.28220149616021,8.177200751912014,0.3820059935648072,1.2304584890984205,1.9514613565599317,1.0,108.70764196751828,56.13097943276411
34.98860560332311,47.705472538923374,5.851410731146135,3.4966680304020166,4.3724062767069025,12.516700164786842,81.58715591787798,7.8113520455585155,0.34443723205123344,1.3212822983850183,2.4252873244832895,1.0,85.50298692508913,57.96691569163252
33.14316292834411,44.053189623102924,5.671313852985473,3.2927088128841846,3.5232680049091107,10.338100275552197,49.61662515526774,12.635257478299442,0.28379998368029546,1.3942358305014326,3.5250850422139086,1.0,72.33211723216496,52.40251157066603
18.660478820123124,65.84729267514938,4.937566896412069,2.6925388667592416,2.7034503731603956,8.206343769506711,48.955995025226,19.470705129190783,0.3332319288511571,1.5695012319924622,3.8844968575113668,0.0,61.12619539689808,35.57251800881756
47.771434580562065,42.49710186112682,4.815440208102781,5.41546312888122,6.089034603720989,15.237079111743599,38.99045210823731,7.493311004312783,0.3425452706368161,1.1390662514820107,1.1133444235520966,1.0,96.53749918366647,68.68225548910473
29.647888620681094,52.501923881370416,4.844354227919311,2.6622831039045156,2.798466387976202,10.64857971801311,47.26929882392977,20.462705639348528,0.30929763432305324,1.3657494882904027,3.9997406860874984,0.0,67.86478507568896,27.961208269021558
35.92423951352606,42.87184465459499,5.490696754184871,4.31822922078957,4.3313204362014455,11.646185331529987,40.224703041925814,11.521009174034841,0.3387366605638349,1.348809261950472,3.230142774732093,0.0,84.69799234663674,51.10141868290324
27.802115024808167,43.996366534531006,4.559950119236401,3.98920257953872,4.076077113306753,10.507083854270475,28.161294795462652,11.597520918173084,0.35264696025458037,1.3680085254651502,2.473603380578035,0.0,62.58027728668191,34.10428630714907
65.11394096396994,22.520120556785006,6.283173691189951,5.8256444195010735,6.477941288523342,16.551848905405066,78.75608828804725,6.443089744652858,0.47619295057798916,1.067377556691989,1.9148564834852269,1.0,132.8505854247798,66.1624083417559
34.98754783519191,52.120852614376616,5.761202811512457,3.559138727048261,4.297310702326183,11.854141464879001,59.32971154044923,4.7226724366835136,0.35691684671438656,1.36034575454158,2.8580699571768564,1.0,78.46287043374083,41.10758469857732
41.428807197660305,44.171431849298486,5.255151825532114,2.145555919517877,2.5962713652529152,12.023201296007109,61.02312585961907,6.5690754886290765,0.42009230776096707,1.3350153144181451,4.210310849163862,0.0,40.660036700729954,25.221535865320547
36.87976145570106,56.18616947292144,5.089546099276701,3.9248383626409358,4.488477821573904,11.285850594546229,32.216957760656214,8.225191318979531,0.3536543645457322,1.2493903242963764,3.3620392842955837,0.0,62.71280931786697,38.194299047768496
42.1811167267683,44.21084088396953,6.3686371519002085,4.69668401652841,5.175730435150965,11.731737748844697,92.0,10.94451816799675,0.39791140819312015,1.236263994291625,2.5289780994156943,1.0,103.91445316224214,77.95898044953373
33.25158047585534,55.384640059862804,5.839866751943566,3.4136513823070764,3.1325743566079205,8.81578226408329,75.17194857421828,3.9203700278279836,0.3312273701058799,1.4221145296498936,3.3892646205868475,0.0,40.34049777993161,38.14930802595411
29.454108282578037,56.604042518081755,6.258571532179166,4.588826075642597,5.299268057923713,11.6062695941178,82.12322191384617,5.0511511244811755,0.4557750579563669,1.2337286155058358,2.2950668940768546,1.0,99.94153585163969,72.97036092200408
20.526319262259165,59.42287107390473,4.804320078378536,3.363489665520049,3.186275255308136,8.463888646360168,12.673866746893056,9.855447751479351,0.23691227665457532,1.3677580867420218,3.5124669550891574,0.0,50.37057541615839,32.8676106264247
36.42636299616887,44.036107522463666,4.987918549552158,3.042029487110177,3.2626929036418657,8.113878838962133,28.32720057540099,8.030238944442187,0.31156988781017864,1.204879860982064,4.136018975648495,0.0,73.8640697178499,26.159151189994862
54.222966458134664,23.52431378556738,5.452917147362751,4.839011967566901,5.306306269649883,14.3389453805885,59.54399931819334,7.866529533804097,0.40987259548946037,1.1228782718746146,1.51942191919775,1.0,96.13644837292436,49.20040844358819
36.41805857523333,43.40331505424125,4.596888058031966,4.789841207699141,4.746577035923619,11.529616908741877,51.8571549479107,34.47081745839645,0.23325870609214724,1.304350410026811,1.9015972314906662,0.0,74.10493901325975,37.55404554834399
34.9120078313336,53.08461519273165,5.227400311595937,3.4359143441074687,4.446231315122103,11.840427803158649,53.97318005450613,15.88768449955072,0.3375200945077307,1.359549265359678,3.4382141363446417,1.0,83.89179869608087,45.65007557753929
49.67768263017844,36.74124539936439,4.919542812757664,4.102597763183524,4.560306280090899,13.029390721717869,38.26902862501221,20.167889415920833,0.5148348976811145,1.1986516656646116,3.42538010788025,0.0,72.2045914642423,52.144108853367015
41.22141627992865,32.62149484933704,4.997584395766398,4.345082603040593,3.893793913480843,12.04483213781432,38.150188565200786,5.803018685000309,0.2729195461033889,1.358668510546155,2.965621096022018,0.0,60.80242754909145,44.59607261013258
22.533570333586457,68.59897963071104,4.8912705713241085,3.023004497769028,3.5405405537581838,8.685536324710089,53.281393703839925,10.383427794658308,0.17805174284380032,1.214352467460265,3.1682530994286786,0.0,58.65267362002902,24.81866489101197
36.483268812799714,49.30811812022767,4.470386826463562,4.623516998209829,4.920074024062054,11.454171281259082,19.152852114955824,7.868217686373651,0.3413167252582613,1.3120771334100847,2.853029235070972,0.0,78.61936902030067,35.09096546909688
32.53699351900975,42.22426162868468,4.398217676228732,2.48114281020088,2.5961751178192367,9.2990250674675,24.186832388153398,8.172971171239936,0.24928017729131646,1.3013675892936423,4.878618327135293,0.0,43.4358436159893,36.14934145631794
50.61706722951599,11.91995458229976,6.1133646187784585,4.013698912731162,3.8900677796966123,12.787980133566592,66.23556072413301,14.089873589302826,0.33599135106548444,1.4291797200632521,3.784701937306316,0.0,67.07213454941194,44.048657646065756
31.699044468939718,61.14521524020713,6.02815175975189,3.231433822529703,3.174352936655122,9.417256172688006,67.84946240907567,4.24662617314921,0.2943166531847116,1.4436059157791994,4.680076649721714,0.0,57.589060099455835,40.89536489734304
56.46353712533032,27.22108556026206,5.350007445081211,4.793573425063801,5.185751089744958,14.150351411584728,48.8101709076084,4.032974933658963,0.3597465394160312,1.1791388083218945,2.108712442573587,1.0,117.88458373294685,35.47681337666822
51.80546756933993,22.217152740526224,5.677881382216648,2.848885209407518,4.383424100809409,14.069501642773877,35.54571619579771,9.688593796158047,0.38631385334117263,1.2408068752910177,3.2155109861982756,1.0,86.10408060297624,53.02576460764015
31.226099545486726,54.20496451481864,5.784762899318587,4.218180029269158,4.176579758644333,9.559925978961784,81.50008579333165,5.289043329070997,0.3953504610616882,1.3436604186016294,2.9317849139100165,1.0,76.50890808348379,42.39142318662218
62.768461350786374,9.869239267969022,5.743929547919262,5.032428744797587,5.696490300608361,15.822268762643395,54.554395571131515,12.092723264311635,0.5280699194819801,1.2394005818091134,1.1685480832038144,1.0,102.66487651680379,63.79220288024524
28.1959065769098,61.03478882653539,5.767444729029321,2.471238042120165,2.560594428285305,9.704836648665921,53.530221096262146,8.851554416740122,0.28989136212272654,1.4784467045207366,4.973300575595732,0.0,68.04707055492568,32.89063255264679
44.3312060116679,40.652903842735995,6.396100613541338,5.387201891485056,6.089828195132888,14.455220689173833,89.47213917711434,5.440020059490233,0.39525598526908673,1.1973238235260486,1.6589098445313628,1.0,105.22560634004847,85.223659824547
61.531205720317885,17.808149865228064,5.49394798184024,5.059496642818374,5.468974246462663,14.847301027683029,64.70269023451773,18.056380741002563,0.4854667631600378,1.288568013216043,1.8646107631069275,1.0,115.08634269652629,75.18484817128802
42.47203208431159,38.19709048902497,4.716669987127947,3.190290549479354,3.302869098804032,9.941339249697513,28.38304405521535,11.200400178599134,0.361600722414429,1.2967396355909468,4.2340337115501905,0.0,63.049671748255854,34.016172598317766
55.30760293484636,38.16452943429858,5.994021677461488,3.703416964901163,3.7230198990223955,10.298140257898014,64.8338800385586,14.20356637932208,0.3961043066961639,1.3995276890431891,3.02317247573017,1.0,75.93553104778198,41.4380849847511
24.034254814967515,65.87048345462938,5.2324914185395235,4.096921447757083,4.48669852637027,11.160914951071405,64.1978009920709,18.3062365942389,0.43529680972334467,1.3192138520050263,2.420543083848247,1.0,79.7842749126231,62.45965781529135
56.3253031300963,24.905493323963356,5.485498485071863,4.210507994263122,4.255439131316593,14.374722555668479,66.54163819793449,2.9454592597087323,0.4155299817130749,1.2877582697976777,3.0548365941993985,1.0,78.16864901109625,71.30134450547138
37.19270812630768,35.80668981283051,5.973743470923433,3.363720734272035,3.0921289419080322,9.074996213263066,83.52718184429374,3.9734696162786247,0.3151524375035875,1.4361943946722904,3.425141002073042,0.0,79.1626754089398,53.557562731874924
38.840320901043334,45.93083343613256,4.882602781414292,3.814929238913133,4.781200896369972,12.315210041478874,34.93825474973531,11.235490085280269,0.277728131096999,1.2096923975161002,3.4171463546911838,0.0,107.33967746778622,32.69843292248348
20.83077509469717,66.7842910843005,5.494020451429453,2.9695272519363867,3.5916838603728984,10.35542960427406,60.65028207023884,8.901061187596133,0.32642040978687026,1.333292558312202,3.1362765938697903,1.0,87.57600746075082,42.16495853757942
36.53043523255533,42.47352904790619,6.61522736256241,4.546912389163344,5.493529323363766,13.228796221407876,92.0,9.061386393804131,0.45678216309524056,1.1739620559725945,2.3634525799309847,1.0,95.20609027066793,74.97622346788198
58.51269752929758,26.84540532257359,5.417564949812058,5.300843514946853,5.15173913489415,14.182787878238448,43.34106369150465,26.730577739010563,0.37712682354861204,1.1499928629418459,1.9393038878838769,1.0,82.30505232501166,66.4758506582273
42.89711668671219,45.74939019538437,4.294163888868396,2.8778545651567304,3.256280250328511,9.684182964455358,23.29564150287866,6.586562326104871,0.18912545240211404,1.2479245277938924,3.7389013869393533,0.0,68.58056834074489,31.27980763645859
20.960820520770312,65.06530387780184,4.830908745314872,3.040942487985828,3.0245305648458043,8.13615352271519,39.63858449900988,16.660137047440234,0.2921517874470834,1.4957121184265432,3.445063560790506,0.0,62.927736261973436,28.572867812827056
20.151598216926875,61.17510894478025,5.273402122171682,3.545138919360789,4.3831533036435335,10.071959041668345,53.93150207883527,4.740805529077241,0.4378040154699029,1.317185298281664,3.6211219319863277,1.0,84.04235641933134,48.607048580675134
40.03706839641022,36.04608035831832,5.001603257881457,4.216847782217832,5.122898710843532,12.500913912706913,29.004014943987283,2.8660139925925607,0.3470581474486955,1.3241379944968064,2.4113426765264414,1.0,90.91060932745162,42.72137233155318
24.604216504262155,71.591901747556,4.7294608834642204,3.081346184525219,3.209671931906132,9.905282769821936,36.51149903206576,20.988094175124477,0.2800990759316894,1.4065918955192627,3.64497944924029,0.0,51.50946501028857,48.444483722845874
26.303518762669732,52.35252746126507,4.021012684217536,3.664355047427881,4.590721804330058,10.659809278518363,8.0,33.741767745218034,0.3910934105387343,1.299809513320618,2.4759329517803175,1.0,72.626137005381,16.369348603940278
66.38279794515293,22.955466262043398,5.371667456679254,4.216881641028002,5.231934396850897,14.923041741771238,69.04851509026925,12.934235835898345,0.4112006320989241,1.2970631523270515,1.5137756266736435,1.0,99.68492728735978,49.99624175378794
48.341559692270664,23.804900528576646,6.226859284029479,5.174494940178982,5.6859827733883765,14.926144814070835,89.7543846067268,3.6349782136550353,0.3909909859668437,1.258235669606867,1.847177580176241,1.0,110.16949408056351,66.48971741219613
48.86448439162619,19.773672599731608,5.305661839972393,3.9794361191656753,4.5679064347227385,12.81930258541382,75.56773071062254,5.009890777334132,0.2907000249136862,1.2616957859142912,2.566574615452912,0.0,73.75671598376462,46.341990562328036
38.6879029723385,38.36052986976632,4.914709739708675,3.7419373713436155,4.433510823794085,11.321620555956905,50.103382099338,7.9882319550822585,0.33920858503463736,1.2850031773423556,2.6720902282895405,1.0,110.96924125857959,36.33160613687507
31.433579182625117,64.68159604678112,4.272846130121399,2.4065958567780394,2.159390710885121,7.472924883705531,34.7909584822382,5.5847940900579385,0.2967571349259843,1.4163713858501246,3.874995713676154,0.0,38.93627909295537,34.063338440120404
32.61592296493451,59.10654724320405,4.131507997869565,3.086089590364742,2.3236987274509655,8.643199578716722,12.34951173690851,14.427155684342905,0.3631490688717893,1.5470624928824195,4.739576144385766,0.0,39.146894558103234,12.347676036239612
44.16597278619053,39.44586167342968,4.177402169446693,3.35293134129701,3.6384980951307915,11.25931559058202,9.817826582489861,12.06480480043509,0.3800027120460945,1.3867551861162615,2.399216979318367,1.0,74.43884725894186,35.66610238953242
24.16920144802448,64.23798917401874,5.83197708186204,4.1371391326727744,4.95997300171884,12.241861077232308,78.4489244561134,19.027532684148767,0.2743476773521992,1.3505752309578976,1.9291455723699085,1.0,87.51705601047796,30.335523592440218
52.27616698409662,28.59480273368845,5.611064499225016,5.147075511527823,5.105939222704572,13.163004540310274,48.33048332208123,12.74953651104886,0.38436726423044315,1.3201257505858797,2.3783180587321664,1.0,108.41179685840659,65.55412335907131
11.621033485161291,68.74789021478314,5.011047466819685,2.1311888020459553,1.9191653150051147,5.5444745093453065,46.70285174039602,13.049242902878653,0.21618730120886037,1.4234185480721813,4.449734142402137,0.0,39.17434478043431,3.863883131486844
29.491410591480378,58.33268444416148,5.512976405142385,3.4282004306018523,3.210462138748504,11.697309724630596,57.36660283647064,11.798519668229433,0.30236837825092283,1.3460820454754263,2.633676524752522,0.0,35.35928323710785,29.972184635280154
23.28000868947923,61.532373451859655,5.146623582609838,3.2262393500065967,4.095371399628649,9.14507561121663,61.35148683929543,9.399718872057848,0.2665961442523181,1.2986915331056907,2.595699323440527,1.0,63.511587767756296,48.257115043421244
47.8386841938805,39.4855346922998,5.163668653908036,5.045964383091237,5.993509969860301,15.361046188724794,40.592181222164335,15.18905490914878,0.48031124282386084,1.2256706447122698,1.3446448292182458,1.0,102.10703117771789,60.78781341457875
24.70492551432242,58.889549767609886,5.00287180262898,3.1668107019304266,2.945670998026477,8.535629560423066,28.015401120739135,13.04964164471779,0.22844439721462512,1.4302177944079857,3.200680707277514,0.0,70.03565422037653,21.585270128874058
45.238721848818315,43.220166019868586,5.140835820007513,4.045989914770908,4.588292323910493,13.129132845313654,43.15325386257722,9.654211984629569,0.31401874512190137,1.2274263074568732,2.9241638587162875,1.0,95.48474384201972,40.98403884997754
21.120800419276385,64.90941232664483,4.894990099536569,4.49651229273701,4.252650428913711,10.682135130947723,38.06358543999639,9.726728346165741,0.3321350952030874,1.4326539592992913,2.097376402325285,0.0,79.34305658283319,45.7707095605432
34.98708075914441,47.10069273292716,4.554736939975311,3.269773901099301,3.4264686166316984,9.054345436986942,17.688357762189924,12.993300439319777,0.19767005953949268,1.4389901600631438,3.7041739528205984,0.0,58.6406317514114,25.43842994391683
50.3731414847445,25.5663956207024,5.494320105653903,4.0714423898249565,4.078156335880359,12.637896454218415,74.15656185264842,15.32697623892763,0.33610721408198446,1.226187902086368,2.371327951155251,0.0,90.7091454768714,40.161281196602125
30.126264546373612,46.86646162714071,5.481881639659976,2.8760155189797096,2.919432563769233,8.955151854102475,76.60915732357589,23.13719245809443,0.26633793927648036,1.2925141978749652,3.789269245894717,0.0,65.52589870967978,38.507539618973226
45.62197860806934,29.712023150647948,6.29191755867424,4.508114647023555,4.823001155886321,11.169916401680233,79.74406873008664,3.8977914691583795,0.42082789243512636,1.321761693173833,2.4863094382528192,1.0,91.80707580040149,69.24307091566874
27.844685831039396,47.91102004943255,5.190096229063491,3.4922315958529055,3.514530985948257,9.878202963657163,27.080297608158006,4.025585722274233,0.30754663465128135,1.3757461644676823,3.337519611859367,0.0,49.75885575583395,39.495124660256614
29.452961597676822,51.24771322147701,4.642063716083805,3.916501113624799,3.7715081689166197,9.694771044757792,29.255610472745115,17.416621700019945,0.2859257104324839,1.4347247503882066,3.5196823409793887,0.0,46.41888741694427,29.44359232622063
35.53249000347044,46.779080721054385,5.441762191152912,3.841937202606968,4.7499370487003,11.292981815884687,83.59894121442899,10.825460057203596,0.3009226981350098,1.2500726457209441,2.7284890472538956,1.0,85.62667929425844,40.41869266413299
40.98053732475272,33.1825955071526,5.98230511431783,4.791737178107898,5.29257167800848,13.943786497594322,67.038715157299,13.227494374687467,0.4859189438045768,1.3311446046859396,0.9750764577568669,1.0,101.7751168653865,70.85144453968009
22.122055467999267,45.9330373954063,4.827826016159627,3.5351509694399414,3.4476296258302708,8.828813728101274,34.33510649430595,5.629620527579183,0.20522304186820128,1.452973945099577,2.069670492481479,0.0,45.08159504554098,34.70932933610016
8.0,70.13551469262754,5.046033555275968,1.8957407962540096,1.790405345828391,6.76043555127708,26.12069462681579,7.675499047742183,0.256211769073372,1.5002471443806857,4.42548735713518,0.0,49.64797255024613,2.0
42.25528671745742,45.914740654225014,5.811015038329165,4.115054012874644,4.750118649582937,12.398827575875805,74.54637452265419,8.468425045669033,0.4148000135521666,1.3434164965156645,2.289011295444846,1.0,118.13437942444727,44.599518967776504
37.973748020213094,42.814076926225354,5.922236462187944,3.5621960217780586,3.749212697183883,11.189473854860697,53.543714211686506,18.04970676715934,0.3561903997248183,1.3344287169876679,3.242262477564306,1.0,87.23806059277159,60.48482450557214
39.25645004479844,40.93373297955468,5.805422709940936,3.9059357413323252,4.7481780641640725,10.676370719972137,71.96731200890055,6.051804049797714,0.34707435423487926,1.269384284853203,2.1766056104161353,1.0,79.43614646330285,38.833462929023526
33.464200967160124,54.03992375817768,4.605090310159543,3.0659268729309415,3.3805848372015044,11.102254424471461,42.737668545630726,4.600155078823941,0.43242594390981104,1.4733171782149057,2.711303495221969,1.0,70.53237517410491,29.87086133184644
39.8877650784106,35.39296510395161,5.678698523175811,3.9158722638423225,4.221246888736688,11.586327411588012,63.20999855165007,10.56176194870039,0.37103065439409216,1.252556987738819,2.5573641509438234,1.0,76.49913258908774,42.08006630118291
9.506053089766326,73.1728601239386,4.198637228780901,2.7977137091960658,3.0559029241372966,7.002320584976256,13.579450502935842,25.489351362242406,0.22168313135501855,1.4135024156159248,3.4091374268701573,0.0,56.59713181986837,12.277362156054092
46.25967654906035,41.08186468481816,4.212679542806383,3.4146093303648275,3.9762530896115,12.717751094362825,8.0,11.530220281546589,0.4159626910329043,1.2724247678800467,2.702342631946461,1.0,70.9529450793195,53.22128935582958
30.775492986486164,39.559830826178064,6.4632837882201635,2.972385672515227,3.865590150104864,10.32339238913793,85.97161979613571,9.265722252974943,0.3256898804038281,1.3697632967328626,2.6512781053663073,1.0,85.2984948723721,61.497789047569015
38.07985227958643,45.79464909789124,6.052835074619178,3.667212194150013,3.439721819896721,9.947696858079082,74.66575183186592,9.524453753909777,0.307543411539238,1.4157914503555915,2.7303769146258308,0.0,60.67540847712499,44.569666537175166
27.49785523185006,61.30111287851013,5.886682658023239,1.8178859985863187,2.8430560294121463,8.141147762115382,70.22006635047423,14.834228056718837,0.3129781249226347,1.347386070421938,4.697396460820782,1.0,78.25629355132833,51.309487977224144
25.356704463085798,49.48113967165371,4.909581410677822,3.500751984779597,3.1685388330061808,7.617541895482567,51.85352080772404,5.089956814498543,0.2198139898526401,1.3006634694429544,3.5606962721496505,0.0,59.20194721607139,37.48110425411965
26.27136542144329,52.768940901447365,5.07076570914761,3.8038217278677626,3.889145616042185,10.839883836431614,45.24550242889541,25.031438808224355,0.2122282222851939,1.3863624193312354,3.29251421023785,0.0,78.82643312498583,41.22707581540415
55.567661398244844,30.903495911543693,5.482703978297186,4.034043851219954,4.530795043870346,14.206853586319248,65.86467246309093,4.573434564714965,0.3739979599529212,1.337706479645179,2.4109315086946164,0.0,82.81200685392305,37.16522352833495
54.437202489655846,37.50239769377599,5.35523688892212,5.016425300180232,5.554347760576114,15.166594224635194,48.92776401397123,8.396705665337297,0.4190762284755558,1.2597996238755158,2.2415202349295904,1.0,66.63435969131139,53.22305327041039
58.78278675619791,20.212478291878,5.787157975516767,5.135669487442551,5.450642707535208,15.704398692553642,69.59467878301618,6.748523387473621,0.5229321682921083,1.395131837568268,2.3803571551415033,1.0,93.33380730701299,63.85920010771954
49.01906473526468,28.7534456971969,5.815599818135832,4.209677655926613,4.499575354152419,12.783348917107793,61.72088814206681,8.231217429130371,0.45170072278804596,1.306498454801233,2.822267211712981,0.0,87.94883086007653,52.29628507280049
11.917827609862272,66.5444663307373,4.940211025460585,1.7025315171027666,1.4520840888800841,4.966777930716651,27.12573668926733,26.37301790530983,0.22332730982869387,1.620289626216991,5.5,0.0,40.96714001195021,20.802260884362113
42.34931879462793,35.04374798393707,5.969222903018424,3.7590470959433184,3.7211521851997422,11.198976741279083,72.56581694408949,8.600758628015118,0.3641705762751807,1.2436087743659212,3.0833036014072412,0.0,77.48796456340777,38.25476776120461
44.0545189091275,47.88554251685391,5.576692216568068,4.992416068233063,5.54766658651736,13.87145249237906,69.14195586201834,7.670118392488408,0.4469547570479304,1.2474655896344877,2.2222751768900455,1.0,106.37753911085417,57.81862066591913
48.83416203249768,37.535249258536254,5.18854239274063,4.382006938468658,3.5888608086612654,11.527775414268717,49.01768202304703,5.7081124010948665,0.31796547345462944,1.3843785867331264,3.8998694382084973,0.0,65.65653557470961,26.838095047597037
37.52130952679827,42.05793531568512,6.048467441858653,4.29076146622803,3.8632833571026635,10.006202030339239,81.5126085821166,5.957431932335169,0.33464297715049984,1.3711426999536775,3.7571829409391717,0.0,82.13592284360675,52.435713422009684
59.02460901262272,21.682344836666765,4.858753521791347,5.211798813066228,5.7309240293240835,15.356666995898642,47.22394513285861,4.486989530065584,0.3824933679523709,1.0542525572340835,1.131865286250791,1.0,98.40849553603383,68.07293903633186
59.17365329811288,14.59131414836775,5.788204621045188,5.03240297220921,4.914750219965775,13.593434032628927,68.64059989944944,14.962168510034397,0.35239620367799795,1.3221468173048745,2.1048012181411395,0.0,74.64460420001852,55.6522288972414
33.601594148342414,39.016379567699964,5.676262721752932,1.629044266045876,1.7535971381167468,8.630948820765893,63.10386534591442,2.5403641086315347,0.2859065059687143,1.450129702615666,4.344712482341326,0.0,42.597245149297336,34.1484989732611
58.996189704376704,16.167966564809063,5.751500682930565,5.400409541668989,5.512672165067789,15.184872669046975,56.937303759212625,12.903036083267937,0.44135310224466817,1.2148787293393402,1.8215560626326692,1.0,112.64235400383038,80.01758285761487
39.657982528980135,46.34710654415783,4.634892111650736,3.379853043730797,3.5962673970675816,10.400183780656365,23.945660986811152,11.643604096757926,0.27008214800463676,1.3605377086126267,3.5458307127651447,1.0,49.24953069374984,46.275045169907834
31.013474369603742,55.72741945715877,5.179540648659972,4.663156524244617,5.29760265042321,11.747481430854036,57.08760348514123,12.99323629925443,0.41478661881258644,1.2501269559088934,1.4930711668419345,1.0,92.37536073694935,50.241277804545994
47.73848140881264,30.19053585542595,6.170939493316497,5.08191676261974,5.5753862798883995,14.341557737501741,65.78187127599963,3.8267004246373806,0.49952299632074126,1.2682764616802613,2.194666671881906,1.0,89.60227895247574,72.13108059729753
21.512684728223675,65.86173507068325,4.924119698698296,3.824569773952955,3.849560157017766,9.443517438896313,54.52680912673421,10.845125967069528,0.30232080983157383,1.338345052310149,3.3064002516395465,0.0,47.75667650140437,20.71401212984664
28.5337526439643,50.28474292115068,5.181663885000963,2.48232893674606,2.6974592834447053,9.25600443711258,60.79849689467237,8.125381818096654,0.315459352586816,1.4298137368336843,4.056628955118591,1.0,56.851814836892494,56.97938254326387
44.878364626595925,36.67796794072664,5.536613297870724,3.37849519556202,2.4621176470890656,9.087795020658225,66.95037779049332,14.848186598816367,0.35975437376360175,1.4282806270756694,4.319619755585426,0.0,43.42087409083966,35.89572860239984
35.10601483956647,45.68137280404195,6.368394579900007,2.606368998841341,2.7876763477344797,9.090346870128966,90.65678297309455,12.84671255619046,0.2298845801014968,1.4387313058859554,4.029773730708614,0.0,50.4075103811918,47.578595681407734
49.30837360573228,32.84455879124035,5.432733349248023,3.837939244967258,4.539547122223153,11.471085584664344,63.324434488995486,3.428069999716708,0.386020133165991,1.3357268388925532,2.2964581687094117,1.0,73.24859327791526,60.49582431220405
17.139283168546058,68.06687620401024,5.574822237631919,2.787825649726198,2.4498629730248735,6.927731535981945,67.50323838946375,15.936924850960082,0.24884697598016808,1.3028267375055178,4.83143824453032,0.0,64.17318773930634,35.13182181633855
57.64425642410933,25.251795610255883,4.470330468754847,3.2717763713600476,4.251966466475251,12.267599400970694,27.90075400654975,14.417888195023611,0.387588818699813,1.2029281267802205,2.925926315246172,1.0,77.66564394335639,42.877150336056296
61.60148180038543,24.456851140251363,5.02400194075242,4.540707750600539,4.858365736870236,14.212748062833569,56.27111826469238,4.534919432386712,0.4013026289982035,1.3221039756016144,2.5334568879253263,0.0,84.96943815228748,13.57153245585641
29.68452545544832,62.289605056333386,5.655199808787383,4.70199811241191,5.237908832133598,12.78315456293769,72.25552888970017,5.839054993438167,0.40375214355114974,1.3008117163684643,1.585300806713523,1.0,118.12844495558024,54.45263656250808
29.38752651647409,46.01099853714162,5.166562234475257,5.187203152731804,5.015300088616762,10.768951034762877,59.76078735796973,1.635182521404913,0.29957304757253655,1.3350843225552382,1.8246669097940016,0.0,88.1269511930963,22.968102099715328
46.949404163855476,41.05985425559001,4.690949883539121,4.630994308849074,5.248761802989692,12.756352408932084,30.88914234569381,6.429401364171907,0.3574379127939034,1.2574385445765344,1.71272547376459,1.0,99.28524065836247,23.271146047583848
65.69920797353171,11.013149165678215,6.11855067835095,5.44633130924598,5.434549649329631,14.198932253363854,73.76800748777268,11.139820764354043,0.32275983308714584,1.263034717780059,1.9186894041577178,1.0,84.05202979251663,58.64935320149128
43.377879211743846,35.537697592804456,4.748385422728598,2.694929131400711,2.5362623827181725,9.001967636243181,34.181974853153726,4.942337561574728,0.254544563716919,1.5697310886042335,3.971757195007179,0.0,46.36454986948482,35.24656466542024
27.734050067961675,53.00078514570298,5.2945380180987875,2.502139047964942,2.793857390098749,10.070189484663812,59.980661979600285,9.053815524126728,0.26601349052603135,1.4245104005313527,3.8711365678297085,0.0,50.73874467555368,20.5080742104349
42.1517866143227,42.116237350131435,4.635513659372449,3.5230247312730367,3.5144528183472277,10.507400184188532,47.948370651277685,11.848981746527151,0.2684049208272155,1.3818185648071237,3.929302069128841,0.0,75.71207786151248,36.365770419473634
51.823445119845026,25.06566435381771,5.743200605118555,3.2335349558918014,4.04641005491492,12.633365596493606,83.29781756960371,15.202027012858716,0.38774104498439715,1.3564524234951214,3.1003828122724917,1.0,92.79814311459084,49.08275049490158
59.50718239437032,27.115630874958455,5.55671404330817,2.535807230954285,2.780177630043192,12.159416011441639,76.86520839985461,4.7588526874824995,0.35915534758505047,1.3155500209059123,3.501679587035327,0.0,80.16195444618253,38.40056809389742
47.18935365986671,39.0781960787384,5.106577727809735,3.3387981058272933,3.3958168103311617,11.85544241681077,46.77496944306918,15.241630719547846,0.2994582319548305,1.391290785975165,3.2709283615600846,0.0,48.52291338325547,36.397821927444625
27.427963849313905,58.64174465496067,4.646383028716538,4.303857680174155,4.347624237537943,10.731004155638846,38.6554527586125,24.068754721233176,0.34148467222507844,1.2445499684783619,3.321980062512191,1.0,64.49530986040146,34.881366371355895
54.90549452160578,26.54391313189019,5.80536040282967,5.382457077107956,6.4348846256618435,15.85465428549873,72.71289692027834,12.162422721474716,0.43016896870248755,1.275941241710247,1.7400171820581292,1.0,102.42179546066845,61.24421665750437
31.846347748457063,57.42978286587598,5.218791994537822,3.597645395346012,3.7564384680363574,9.743282951226016,63.83338454006739,11.021329584415318,0.3537267276156799,1.2182435491699746,3.7265261254202864,1.0,87.56816599895122,44.848765719607755
32.783382501854334,52.65083097183282,5.6052562345026615,3.9702301689546724,4.616284491238492,12.238307976385633,53.00018999923548,12.974585008138435,0.3671348627597529,1.2301606198494843,1.533599869612818,1.0,89.16979958018165,51.623838810324585
39.299778379098186,51.08442286571647,5.583012763977041,3.5514562181531817,3.3150267587558147,9.299788709915822,68.591557431991,6.80243194255793,0.24304779249490818,1.3214034828411134,3.483904632753104,0.0,56.0572601260762,45.92149164650973
59.95823962093354,26.893595944620472,4.9753849321938715,3.205176229420359,3.7146540784083073,12.686176673067049,38.29690629430968,4.298028940045413,0.3564585224066377,1.3086931222522191,3.239721298373506,1.0,98.55489949955445,49.246019089274625
33.32172961892094,55.45418034151547,4.82657028824611,2.174579963023204,1.92770788558301,7.911996809470698,44.890171581226845,10.388423578353672,0.19297014555059017,1.4278581884967472,4.232533722276446,0.0,49.049968774790855,16.45512101460271
49.29070617256785,35.71102633541133,5.890606867116021,5.029732681164514,6.098253449050823,16.372531044187813,89.31214566157007,4.119462715548438,0.5983630053005283,1.2128833764770217,0.7885926565675925,1.0,103.28546636182841,59.38814551661501
49.56850956294009,35.018552949654506,5.408528361227275,3.6729697843917917,4.591883609825443,12.80036391789282,59.70965396510451,13.95619860687203,0.4053009379694014,1.2388173427732037,2.663953644230448,1.0,85.71773420408243,48.474222808868504
56.937716128454724,24.698555500519323,5.334653926148295,5.261136694931071,5.750796855838577,14.34035106343977,49.25286580443647,12.593843108865599,0.42568857688855066,1.15699054050881,1.608751152578364,1.0,103.41365154148929,48.01944519042893
30.55513539832659,42.84259117331215,5.998640985564483,3.4479004328516343,4.212187162812253,11.68318878163614,70.66930771240847,20.579245153081793,0.3279338392842178,1.215928080362621,2.6979573986200984,1.0,82.01502755118435,60.46743976011494
36.77118896969251,46.21791934910348,5.768877379696547,3.632556207148945,3.8882096370702257,10.892137288186,55.78407329433323,14.075448938450531,0.406672396191247,1.3390086941852903,2.12903305414242,1.0,82.10458671719448,49.57966008268557
28.893896090774717,47.53430155191253,5.080288621100243,3.2657132530553783,3.5719285393635998,8.655120063657089,24.959707872942836,3.8352135184331004,0.34765690337820276,1.4195425540844542,3.398795310458913,1.0,63.63309261273983,50.13032979090175
8.86335418697064,80.74801715740806,4.840107935283397,1.8247930160892976,2.050571356097132,5.662204049187467,32.950047014617624,11.186140485211332,0.19039931026470924,1.6493088979765316,4.2791281263887,0.0,55.233403670602364,14.518189299468133
8.91850153717214,74.6218522259673,5.6991349555541095,3.1131488653555266,4.044630857694571,9.039120805980787,72.25580138335074,23.14621358441372,0.3150534698964684,1.4572078657412684,2.827004239676594,1.0,75.97250096645112,43.93074230947267
61.29569734457654,20.673446200353375,5.79623511320911,5.982868761686302,4.991613925553537,15.240870008316508,74.15141332348975,5.119520247709303,0.538131492563746,1.1973333569928597,2.9964109380578625,0.0,115.18979113961935,45.55886624803691
33.221886377219214,57.5012840210149,5.209536678196015,3.1649573360088263,3.189154768637507,9.816293683720493,49.789964957564564,7.883054967159048,0.3150794994045786,1.2686675103732674,3.6209694308915807,0.0,44.847642013597905,31.08281086139707
35.31675113410441,32.89230037600613,4.330061097543346,2.931272648502837,2.9329657528224558,7.984373754864771,21.74237302112842,8.887957139400326,0.2803452305842878,1.5046221397903503,3.8101087624341803,0.0,39.278403335656435,22.539534372149454
39.09102493878169,45.00762638197719,5.4998069765472275,3.243956032575914,3.509864940159144,9.697244472075559,72.99621514830534,13.746786107674765,0.2761653750044579,1.285083945886206,3.497555023856473,0.0,63.61748236560094,29.74073488667978
46.7269175936983,36.65484803182982,5.659189157628484,4.555443167879576,5.452464795891257,15.219801043134128,38.96987830779394,12.126935847162349,0.41337612389461476,1.212319976811812,2.1756615565790316,1.0,118.54263034598337,51.07437584266397
50.20569958599398,33.567369353281805,6.321771918450146,4.835118074644101,5.196100770311507,12.920843999833364,83.28651625389531,12.902042761786907,0.33422986454644693,1.1857840498298229,2.038445490007539,1.0,109.8329318795265,77.94802486718869
45.97843123796203,31.905609301398414,5.3092019077512616,6.316306592494152,6.757918911809026,15.414947603571543,48.98921257983716,9.153224218124825,0.4621587800578626,1.2326697511351024,1.2941366672323613,1.0,114.67898079553575,74.33558360017211
30.160045573994765,56.18552125891304,5.406203508967358,3.0821250945899203,3.25060757364683,9.303981342347448,51.96396307354413,12.062812420551921,0.3659409448474629,1.3783425934645597,3.006838757625145,0.0,48.74101376754235,48.563739132536384
26.455552547703753,65.22946008836965,5.334695815247325,4.26340292800219,4.269791173972263,11.334768926752712,79.57802820282792,11.074196586412729,0.26358961178121726,1.2891402364713558,2.6914341843441427,0.0,69.94468371115549,24.95134471544572
27.397044584994404,55.69096744976808,5.233368525956756,2.21106446009691,2.733048251072512,9.020556023868608,55.51824749043206,9.754659227718173,0.2991112352415846,1.5240660357354074,3.398208024506606,0.0,49.127196730032786,26.273162852121768
25.377789266616016,48.863589858664724,5.312151678106805,3.662694752058128,3.2715895749938397,8.115038051836773,64.9966465025505,2.875341073875226,0.2065072457165282,1.4094060383583773,3.9462469100989344,0.0,70.954824141947,26.56194983717149
23.772561297607,52.15427139151003,4.30107845465929,3.9463054711073364,4.891761526252119,11.178927948605716,42.90533901158771,2.6956275020469906,0.4059713013960758,1.27029597899615,2.4418312984012003,1.0,90.8185641170619,28.907563623002886
32.996524552169575,48.63642486883607,5.398332643954081,5.901657259664636,5.977452140173386,13.097863692774991,70.84712112918275,5.865248030848651,0.4045125655963938,1.247703686572332,2.043741628424863,1.0,91.3406808746438,48.7619852366403
34.95180630302653,48.155272049079805,4.715745381509236,3.4758321716964873,4.095065964446691,9.752374539718874,24.674619570961237,10.977012338008084,0.3284660790345469,1.3149512582469818,2.7001812842653363,1.0,57.41055405349506,34.62919104025272
52.8571172753651,24.766475021559284,5.883090621699304,3.95491190160653,4.150945849383942,12.777308287516863,82.32819034347257,9.11399205919121,0.4164497622827293,1.3020485382374,3.205400501092918,1.0,102.07563209542394,44.46832646713271
30.702256661251923,59.78440701381045,4.814469558924172,3.672397311987841,4.3560141525315395,11.33495026117684,46.1083888485124,3.2182145614328266,0.3833708760733643,1.2833378937712996,3.540218523066863,1.0,88.5485976650731,49.806317210639726
35.18183759071859,41.18209736172462,4.814463641795967,5.202682132706024,4.767542218340326,11.913842006705984,45.187366425088904,16.924509068410046,0.34958853618115643,1.2616818888651973,2.1954349614185893,0.0,60.04681191250911,44.213398903656575
27.970891363515662,51.626995889616,4.777120691456903,3.3708239968998797,3.434109979865437,10.899802743602553,54.29709393595103,4.057267444699353,0.38038396959938225,1.529987711427443,2.6810546745740136,0.0,51.26716936388385,32.70757798794354
47.28820704754493,31.609233838953024,5.386344803477435,3.7653493616095624,4.355823451168019,11.709643267752902,53.00079472105749,23.6533502384861,0.411210370195976,1.2763618585167242,3.160348650782167,1.0,83.40641667380679,50.31787627421789
32.133248778536554,46.847007091503656,5.172561393194055,4.869274299409909,5.365623333621023,13.500649116016776,42.85319888412362,10.43995933504301,0.41257078438345696,1.1665435665666268,2.0437058447595797,1.0,105.21954135892996,54.77024770449853
34.58524457139849,52.38133641102495,5.536280384969371,4.092891148400372,4.475984203076667,9.943225214504485,57.683378485009534,13.916506459963706,0.3544551973374871,1.275070652597011,1.947883068791337,0.0,82.09039498820788,37.3312000455728
38.364274320169315,47.31560029995376,5.990301576297477,3.2987043772158344,3.663323227930096,10.279882280057835,87.69132974725237,7.285426312782884,0.30983353830065896,1.2442404359518995,3.1494584305916966,0.0,74.99968054755983,44.18297594617662
27.415457342696442,52.188832636001464,5.173789168856408,3.7391273998417045,3.5216840929689472,11.35775009738666,53.73167436128528,25.39145357920956,0.2633487687212897,1.286314592291346,3.5643527200398357,0.0,66.66263216914524,32.590133727284105
44.1620885657164,44.68099712913347,5.940147314960555,3.920066276684458,4.741988532488768,12.663194957716732,70.6879058722039,8.820207369799737,0.33571005441657176,1.4103023327415285,2.2112417401909847,1.0,101.37858393100677,71.1185863909629
20.552048970994896,76.44795102900511,5.508733970575323,2.009027556462169,2.7493310009692764,7.6437150131138765,60.830114377989226,24.275351168248445,0.19760509181555436,1.5053425954056732,4.015187540246608,0.0,45.68555339520306,41.935064860377544
29.440763186736206,59.56025408859808,5.870276979315572,2.5198770235290033,3.0754168981668677,9.313629817703424,78.45768437231945,14.753431063595984,0.33112257102410286,1.4933885950416843,2.5474422620071397,1.0,87.95654733856551,43.52430318784441
31.229024687282543,49.99630330912382,5.1657997874049295,4.544825075559947,4.502911374286401,11.817459293171884,48.95847505749942,7.89154263501624,0.33631307633588065,1.2912796872407488,1.9800257168004065,1.0,84.0892219701581,40.94927283018272
31.672002400496655,54.99728440106599,3.969401411103784,4.568943887475159,3.9633144868734362,9.721971100559768,25.71953090873281,6.783179201358327,0.2859220164433106,1.2131906804255765,2.915628894738413,0.0,68.49341234716377,32.28258296731745
47.105847093174916,34.42978820476279,5.836587276436035,3.312038863029243,4.547570280186318,13.892760947603348,78.74920269577028,19.474747461468706,0.42465786641320746,1.2411859131131096,2.385322906819407,1.0,93.30851880045631,50.726794873424346
34.665411785853316,42.29750770732727,4.7283110982837355,3.849860221856213,4.070595574660362,11.941821073855067,54.530990558937276,3.584926453824597,0.3721046192628081,1.4594203217529351,2.9025271278661693,0.0,54.25825141252274,31.307861660269754
54.52865357125022,26.66380685389762,5.909886885250053,5.333546899627904,6.451147154551007,16.306586723905944,74.75028871001726,7.658136070649724,0.4354806914833527,1.2325682253619152,0.8585591531438095,1.0,118.91132190626134,64.35037677839124
35.73093188928979,32.45296517750767,4.8493818445082235,3.2919525841366406,4.155290286422623,11.283970011305167,35.53519908512944,3.344456763764452,0.42781858956839647,1.3481838378947373,2.9767563226217697,1.0,83.61844339648017,41.45394338961932
33.3327774487074,47.59812231574043,5.897135074918399,4.229726890496867,4.475460011682839,12.072257571848079,60.24133171920197,7.612847155179865,0.35497964360227957,1.3148244340194766,2.3911097635373677,1.0,72.5622862010446,57.709353420373894
29.908107502312696,59.6307799518066,5.292421599860051,5.391335440842544,5.661496344113384,13.100037911817923,73.05001375585056,19.387055588939887,0.4384705862694318,1.3207797243781028,1.9847164524587626,1.0,104.07316712473781,54.2035127654596
66.82413505068955,10.926018150275155,6.300118421139521,4.21567124550638,3.8773058350839635,12.145355534558195,88.31003333624504,11.264471944272794,0.33637788342680863,1.3665246941766933,3.3918452330149558,0.0,97.17528481526392,35.45821691899566
29.079518752060586,41.590166920655854,4.62324098469138,2.6983221598326126,2.297963623219289,7.348871437069864,20.435945403521984,4.536104722604671,0.20555110237233232,1.3721063904044597,4.572030553901714,0.0,55.62078085714668,20.413982489379055
57.335072862178905,25.11515566560605,5.858983657496883,4.595672099248589,4.357483853509497,12.895532098604479,75.12571483135144,9.05024380366708,0.4076257433859617,1.2549421231622018,2.272690495183948,0.0,90.25920423422487,59.56427981544165
57.532323929813224,24.52934284310709,5.2480852352442895,4.524945221773498,5.581252654739183,13.527785813471095,66.78619738384864,17.143209998306794,0.39239152625551327,1.192888982030051,2.537289799865749,1.0,107.56189775080746,59.95642407860664
19.255826495195393,69.31445983608903,4.390860548540642,3.702675746804056,3.8821785298472107,10.767334092518869,20.328509010634228,11.805084493318969,0.23965040322877945,1.3678015969599546,3.171210246399493,0.0,79.23265038084384,42.731794903138116
49.77852746747182,43.87296517364281,5.551886127910638,3.878231142832724,4.406923517755475,13.077899192920757,76.09144053017123,14.230520498090485,0.3476389776860773,1.1878379351479187,2.6335304738637624,0.0,50.5753748114207,41.788779596879245
38.26418377661673,38.23099856858474,5.013949107864359,3.5017749533053646,3.85361730889735,11.721055446463945,55.57094627184338,10.620957205274449,0.3662208271133397,1.3124115243017915,2.529678816894977,0.0,69.09654604834756,32.11814087480382
30.737691414576396,47.20555721658277,5.045417736195171,4.630550181509585,4.917956279887307,11.506604521873799,33.72603308062605,5.784532480024939,0.2837545449151317,1.368875259226205,1.915736072056776,0.0,72.59206327436229,57.516889192556796
31.125922652719346,53.92835605875966,4.999434099170578,2.617955530992146,2.2689186662794243,8.065264751138873,63.67949391508778,4.594618314119315,0.22809022352478325,1.3659502142036142,4.261370024758748,0.0,55.95818096105968,12.73070366180502
37.36998181628096,51.88333807522613,5.1833021473644,3.6821174961891936,3.4881071030520263,10.24659976612686,51.03796185273134,6.6154426877589065,0.39417603512569827,1.4305786639486977,3.5836876390927697,0.0,57.256610659377706,35.411321078219736
42.94977294389785,44.598905139392606,6.137821918383553,4.3747114846864195,4.746090946987864,13.447199532067922,46.86212202023963,10.522447684691011,0.46445195311934684,1.2619762877377205,2.386293246183356,1.0,104.88967131270273,70.46424203589383
52.154812078802905,24.68325595507232,5.283854685319122,4.831855873900253,5.614012099239673,13.338737633819019,31.501405806604865,28.387121867373047,0.4554514091919619,1.2297744530358392,1.3731373376700917,1.0,79.18917879157539,52.674540782489274
28.362421213428313,48.68215636986133,5.124401782557153,2.73704615656889,2.7810940873876926,9.05495721569464,63.207795241691464,25.922167227162785,0.2940539503299444,1.4967949560794187,4.687663771336053,0.0,56.317018658370166,27.46216629689727
57.94656140672488,22.918475568996026,5.6485033745137265,4.902465546515487,5.304235121601931,14.843721274404109,69.26941061622121,9.548481561135,0.4593057564858635,1.2420644953926923,2.6820743473998174,1.0,106.7535408319566,65.44711418162385
43.186983846503864,50.79378297646671,5.270602758020591,3.629151038419705,3.0765278513925325,10.340990563660714,55.313714324389785,7.5639360723432665,0.38546966097704516,1.2088831810773633,3.390929815501519,0.0,35.03127712935556,36.50652452056909
44.100673259975956,37.77451749825528,5.361993567366829,4.144618399686721,5.020335952247368,13.64688593585973,48.23095375696169,6.998734730069326,0.3071959182212217,1.3205066675436778,2.7962535698880258,1.0,93.28838328165135,65.55031079462957
42.95441592461776,35.7303606566678,4.832459697137662,4.421995418694835,3.878558194369237,11.004249197272424,35.29791898856708,16.65133733464346,0.3405953096858897,1.2730089759089467,3.710997084673048,0.0,71.32563066100184,48.0832807289288
42.214927512134295,40.72840502342652,6.116055767251135,3.314634261354941,3.9965830152012636,10.63919937872203,82.13571013111547,4.4560580857058145,0.3277632624938025,1.3023533341659694,2.5951806747574997,0.0,89.83145713912195,40.6805347450613
30.072804666809958,60.875333226294856,4.759216969518486,4.191703201214348,4.871095768270061,12.335244759335561,50.28145577103176,9.640045077213513,0.3643277030382244,1.363215857660498,2.62539028936693,1.0,80.01105498110141,42.67162105988776
27.70931611892528,50.21220941764738,4.146274192998785,3.34936246988447,3.5233032408242724,9.331661049265852,33.34037390928576,19.754668876475627,0.1760465037622777,1.5160875879443358,3.2025194294329062,0.0,48.722744898463475,19.506636796065255
55.08222520768201,36.61103206981003,5.24822710361151,4.636839811997626,4.335762256418962,13.302372207780218,36.59487238219405,8.667548862656636,0.1803352018115443,1.3319779953642126,2.8442423724399983,0.0,92.99606080841855,47.34637723180378
29.609929434029848,55.28373074810454,4.047022890581973,3.473076406819083,4.181208527960873,12.009947335462904,8.0,11.709281264502003,0.3082309031087229,1.2584879441996766,2.1513339952957256,0.0,59.403259028080896,30.78682038132663
43.75578706085841,33.54066032489801,5.459086592893846,2.930531371040196,2.8243412374367645,9.384725272337693,73.35417176139258,11.373428437473146,0.3465957591738964,1.3383607484257483,3.9198933744341233,0.0,60.35184144759,48.007102635028325
30.3925767866031,41.11297177686424,6.315388722097199,3.6546340362615153,3.9836661669652176,11.994844625974174,89.52959353401792,10.053394042472277,0.3372675658697826,1.3517379245958656,2.5381218221824047,0.0,68.29860258010171,50.33765585682074
40.21035117151472,43.08741024382081,4.993902912715546,3.0091081841295746,2.761164442994898,9.048425992238647,31.425912931539393,2.7992782144381496,0.2801961622031376,1.354695962492018,3.197534054840279,0.0,52.245040477909974,22.1034139903757
10.557221527280106,74.29791198443921,4.318204766839677,2.033914917972152,1.651876213084881,7.578461349737786,33.53705964071949,1.221472013358,0.2672713407470743,1.5776150987997808,4.167153090922212,0.0,23.220088746914385,8.898899309392512
28.40136000187202,63.88983309904702,5.002673961984446,4.776471848319456,4.2294964583836245,11.302055193518274,66.00126912840526,12.160913094667446,0.28628537414263744,1.341487364368364,3.326543608076316,0.0,78.44758966906181,44.52284081020228
29.052949693566585,59.70031431795203,6.302924456781818,2.4833026464240557,2.2500967692408818,7.826875909147291,88.24915412373747,2.795040280662451,0.22246597967067003,1.4884355166503602,3.8329487349387694,0.0,55.314275818785106,19.979442014145633
65.28331970714342,18.73272532953878,6.702383748291763,5.299848086910527,6.28758571809158,17.633425034766084,70.50028027553911,12.497024034634716,0.4576690064701009,1.0544424053719104,1.52995185080754,1.0,117.50135007969669,62.66311049673992
31.342102010429535,58.036202158357085,5.960090734518644,3.307276553161326,2.9809584351053524,9.53797419621739,70.89841356643072,4.20209297520698,0.31327808470398777,1.4304309010831584,4.511346114257406,0.0,37.70539186229466,24.410210159837536
36.88099829641327,43.225798783884656,5.574946312637997,5.314269327153431,5.558644078593248,13.259309719015288,65.19886807268014,13.093604618931368,0.32901176930059495,1.3066081677149173,1.9208180177832537,1.0,87.19519571394888,59.495891092858855
24.61918762652912,57.25884211628846,5.91404650547688,2.839243404818136,2.9538484124901423,7.54767947202184,77.62336462804764,13.975047097814286,0.3283789259932509,1.4629283469809662,2.9710875631926594,0.0,52.24318905273381,67.6683634056254
43.16449269025918,40.92198830352113,6.1459369946536,2.2510763728118652,2.5110181669379785,8.68984121404722,82.58803216773099,4.8113667568304574,0.31582508301401435,1.4255458903940579,3.8154928514316424,0.0,41.03598089630094,42.95213580983925
54.38015147434032,23.75409688849849,6.0562720688388865,4.439914374559574,4.413698582752261,13.140571290202635,70.33526733575029,9.155730031178754,0.3070910307686902,1.2498233453036478,2.995548110654208,0.0,109.74969460109058,57.727816072844504
42.508843172053574,31.1544250428351,5.6651652819793155,2.8073124224477546,3.1321364817798076,10.586870783828564,77.99059867626296,8.036122295434318,0.29347450563760263,1.4370736825888542,3.8872064152797776,0.0,66.35462681732474,25.34073500415978
62.309135898224824,12.96716895866087,4.962473570864807,4.252274455665024,3.9877820235368384,14.25025293277687,45.764292839682675,17.29631655128011,0.44483730242737607,1.2875921364789853,3.0886712109782466,0.0,63.76990945934805,23.69356666675872
38.936280360050176,37.25076414312076,5.686054257417095,3.774105289614583,3.6364959640550767,10.779495533797903,82.0314517261895,6.919607714069989,0.32654652898647646,1.2315315489213718,2.9796140341925286,0.0,80.4962600197562,46.38855233102351
46.02382153703249,36.740663948060785,6.516826292839668,4.44108302884833,4.735912185973145,13.641502833459832,83.60379339761684,6.527814248136779,0.37187842811326427,1.4114319233008805,2.0208829783991744,0.0,92.60360812525644,59.87393683747349
40.25530660269203,34.799240369596596,5.472749170443179,3.417748484444549,3.9197190135839883,10.869333048863068,77.50241195665144,6.276448122079941,0.28285327599052923,1.273076761357402,3.1080114720602614,0.0,77.27412011524216,43.098471176506344
28.74476911484212,52.70973556833823,6.197762061926985,3.017445132839042,3.739229137054386,9.902378934031962,87.63223804571018,9.496488835255011,0.37408118147705305,1.3232933912502682,2.2858002112473232,1.0,75.33723176173754,49.5396083673284
35.809704025345,47.39347194262527,4.795264964763821,3.2096583451461163,3.302276958432489,9.521668745827487,29.253780755027787,6.8410044769900855,0.36516119317001916,1.3319287752721172,3.3032162314247118,0.0,63.39515250303845,42.800669266551346
13.98998620743761,73.77416606579801,5.7043923121464735,2.7484436976862088,2.694609255182377,7.073471413208985,77.36288659709494,18.780211813076832,0.1930246216422081,1.4140508860118624,3.168383733758248,0.0,70.52133599561591,30.68759271157728
44.8946491185267,37.12992959748922,5.365730152560287,5.013430381101302,5.880338750872107,13.78479996342639,46.05781095496485,5.671819589175476,0.4026386909654371,1.1484130722817474,0.8831306411105926,1.0,110.10024654302542,55.824729906233514
22.268576277154164,59.77523313690709,5.253229868529827,3.1232316609564754,4.0332392530061165,10.280843449388172,59.43817793482074,2.8593964782493724,0.33335102560325136,1.2626424207024944,2.7991615560981633,1.0,81.29463417102097,51.93138713069017
30.343676299170763,47.75959510077912,5.920457751841446,3.2573277191014993,2.8842221751345396,9.766611577742605,78.44473744941175,9.32381115224133,0.2958362474187732,1.393903247167863,4.066876908574957,0.0,75.8629744576563,23.14779797590396
21.909081979458236,58.78944323186373,4.74969480985901,3.2669478626936748,4.017288403548994,8.842534121260483,52.448215209138326,14.46385988471925,0.3539761478201444,1.3390839057732422,3.2097651543457055,1.0,76.08955739145742,25.313403057029873
39.79467975231677,32.95292168413875,5.408279030211173,4.395856527549189,4.417572412290768,12.23259967080079,41.26682817398188,11.194146097689472,0.28536907241763615,1.1185792754682071,2.7712222780674556,0.0,74.02428525890595,33.89477406422642
45.10025061467459,44.8024386423464,4.028113710791563,3.639258332380382,3.774395706842874,11.795951104449664,11.35871078624665,7.294374307103679,0.42518555612814113,1.343316803851729,3.4537771552795484,0.0,66.98246395357323,32.798360365127245
35.684870408074055,40.944866740810966,6.24056825260853,3.154486041121283,3.063973697777622,10.604435652185103,85.65881592360311,29.297192650942854,0.2946771164647782,1.4930237138477653,4.524067318658196,0.0,69.0380589500249,51.995254971222955
47.999978541623996,30.49391748402991,4.9593145695040075,4.621766316216676,4.937875022814708,11.585997501109595,62.882933824543116,9.777757683241436,0.37883666887178064,1.2532120788102288,1.9208803083340689,1.0,95.59381885379122,52.12530612858493
28.78864460728349,58.75418563680632,5.099627232884727,3.397551573807965,3.055422432381951,10.535593981578188,46.27127365109095,16.52603842942382,0.3670688568601705,1.3539705014499341,3.9210863174212203,0.0,64.15228176371922,33.80362932814803
40.4721788045629,46.1457630948418,5.246898293458891,3.5434288529207856,3.118595284563163,10.615439289965373,42.54942872902656,8.175609263799508,0.34893996414170175,1.4560254930440553,3.9644164176812455,0.0,71.66539292101155,35.13518598448918
38.33655925123418,38.837085906383784,4.667376074903885,2.630188524847281,2.7968658266103548,9.802240303530544,21.820535556641218,10.356103430938695,0.2432380130929218,1.515095769327386,3.8016003815730666,0.0,53.47142248085562,30.354648971820545
41.28070515623295,45.82029401559178,5.436278362358399,5.917145448375826,6.5912922623712635,15.657562227157694,49.94791815178535,6.852928303398814,0.5350128744374308,1.1887529686470095,0.6392701796571995,1.0,104.51943836625834,68.12911947112545
43.698051583506526,38.16609003793124,5.429309460591251,4.237531802066606,3.8623287281384457,11.084272381382485,67.07385426536445,19.1977152693007,0.22641649683614307,1.403844530731243,2.7748091836715583,0.0,77.56826433133676,53.29854620749801
38.68800032063351,48.98628002587259,3.9,3.337568670893302,4.088123579570119,11.724014337986377,11.268809485581553,8.928537435233743,0.3879808589287364,1.4381375632399693,3.124353417014012,1.0,67.97364349156094,17.957016705789464
30.214601254716428,42.45595162691221,5.817202302008597,3.0190965232780975,2.9474491543641825,10.497233184624049,68.31825128022119,15.643501875486555,0.3308945361510291,1.5112580254447079,2.5413468484957162,0.0,69.22717029719603,27.656107237921283
34.78502117576124,39.56747757397042,4.93598983648993,3.4662073407286513,3.8656857304152945,11.877583237452495,29.198307508065398,9.098796361301979,0.3953549694611682,1.4154476105259655,2.9302952704805825,0.0,68.67827242514444,52.81413098499267
19.009373455504647,54.31817133999983,5.326835004852568,1.2750402015795044,0.5720865589917983,4.87595242526653,43.415906614495114,20.52980468736393,0.2611740518938093,1.6282630522532213,5.5,0.0,23.086392713453634,4.1096218647930804
42.69555220966763,35.45595730716063,4.3656024547974335,3.015851252748619,3.6525873622282425,11.607059925368246,21.857220749612075,9.732725965555732,0.30666174753239756,1.3094959445070116,3.5553763392239754,0.0,61.1780470804645,26.03385569711054
42.53868587944992,38.684487143299066,4.999250825520731,3.8088376624527593,3.9503116127186777,11.991693620654347,72.44800259515763,13.020031697091861,0.3725598684159301,1.2630765177804204,2.769303691163087,0.0,58.11653732580637,52.928080821618394
55.530733636303935,20.07507956509014,5.468729136567091,4.719014328544394,5.799416352132257,14.495262794124551,69.33213973738472,11.464206459399596,0.4724512842761309,1.1990597432050534,1.6073675497440914,1.0,101.65690757472463,67.38707012117678
19.376119033263688,67.60445236558337,6.469477066412331,2.1464100441256653,1.8542494274590684,7.773429406139195,79.05679625249346,2.26467022546397,0.2723339431879286,1.4146762000784436,5.5,0.0,60.99668362207542,35.314096500143904
18.503956307628744,67.62105640333604,6.06297023304826,2.5124589380981215,3.2311273820888355,7.797679171973453,63.39507525319744,11.551004575956485,0.28917024938319047,1.4568330562980554,3.7838034915749907,1.0,79.67213805875657,57.33293886294078
36.04408479179608,51.098075293357994,6.076774597353755,3.389802143740377,3.1874174405215747,10.55414149136885,67.27115859398373,9.72539458350102,0.28698428140460974,1.452535703147694,3.243088492801949,0.0,50.70609591599954,30.735466648234272
45.87696462612407,29.32343620670295,5.339624808248788,3.244292771585373,3.7334841357633515,12.685720068221565,67.19393784634681,10.36046885988013,0.32872204634168767,1.3388613095278985,2.7222536782780082,1.0,84.59089928434601,28.517606375509295
17.473338925617405,58.25358636802347,4.845096502745707,3.7326583897728063,4.2303717668717535,9.688134555625647,38.03927011039073,6.617982499931914,0.3418961420091921,1.4086889822015696,3.551192375711185,1.0,80.7909356356973,56.76795575013131
42.93872649367319,35.99152747562447,5.752800072777597,3.2836734497599207,2.94931911826041,10.524872440279541,81.41142010093682,9.011189675961951,0.2583338646882871,1.4754795962307465,4.385863211307187,0.0,66.11711443992536,47.76128883666649
11.672897050442288,70.41178093720546,4.755138300136969,3.4617741861599494,3.4604886174459035,9.875715020850034,45.81743973059394,4.547470571037003,0.24271460003946105,1.4018438456583053,3.053371140813693,0.0,80.61193202834235,28.886504811312058
55.42650042715346,30.11556319293313,7.156178959656264,2.7070555357413904,2.890508254079694,11.162450704200339,92.0,15.808689460779457,0.2720924072523139,1.3938896006585542,3.675435558312287,0.0,63.87786006789267,48.56112071639019
24.429950192829963,58.27004790296816,5.189108580512524,3.6634048018393477,3.58029816867268,9.681568006603701,49.1231335286664,19.82072912532601,0.3660424087970664,1.3307349609236354,3.5667972140646973,0.0,66.75340380732685,27.85195469461918
22.18513906199539,55.113721155223715,5.410687021904202,3.4184399292225174,4.253806982014195,10.66734952882037,34.02936321044411,4.5494379938660705,0.32386449913386905,1.369629238949727,3.0239711007738794,1.0,80.6842802996606,28.811864439262212
54.85133784937328,23.934475807256376,5.603980588319767,4.855475269432694,5.067017207120622,14.043350661276563,55.327343508629184,10.999171469507397,0.4696914859374503,1.250287818073671,2.145591105626998,1.0,87.6752859864503,80.47853609165463
48.775993426768544,41.600788942662,4.731610252208694,3.486019289443894,3.777964206807307,13.277614082060804,34.97865322745317,8.100354155525169,0.3481343077078248,1.217418815042578,2.8317444673698997,0.0,49.71046472103522,30.59738582155427
46.287095421592134,32.10652739395401,5.7971941981998825,5.200940919832922,5.504247005860738,13.058993521328626,51.13416019345022,5.196312869682723,0.3075432303935753,1.2314295602649976,1.594220850454788,1.0,84.35927706118409,74.83477712111498
30.48154596595808,48.9223003287703,5.310275610154119,2.470643590085768,2.976234387299357,7.695515272223847,39.856661371811484,24.07140463705867,0.20691659786781036,1.4387637246128744,3.800230867862652,1.0,73.65005852494203,46.26855966799567
32.75979424928464,52.33360219468248,5.208150452058585,4.021184795868989,4.039025480543553,10.036197980157679,25.142652640838953,6.839428127834017,0.36145685617307055,1.3070327165112319,3.5557091494682624,0.0,79.10587407802853,49.563520958841224
40.46466359044895,41.06676251654014,5.385148272454465,4.338769940609349,5.175963265930904,11.478659056766986,30.428613566094416,9.668372825654945,0.4176240924394657,1.1670667802456403,1.865583233634446,1.0,99.41319152050747,33.94766702989968
33.190378378782725,42.012898891359065,5.465295754550858,2.3254284365158204,2.513505304528926,8.903241235706162,81.14158227901625,4.899917286690586,0.35229353940340824,1.4645715783598177,4.275287471965184,1.0,71.28883526003241,28.293613135586526
49.711992656934086,39.71589466145494,6.167902417480136,5.10467280714435,5.880205600026192,15.513394092143455,80.10711759228323,14.002835605781033,0.48505670411272317,1.2270440455769245,1.8353129601208407,1.0,104.80241473421316,59.422716483798204
10.048132959293188,70.79582869201388,5.8602035234834196,2.99051535430622,3.767408107964823,8.221910122376384,73.96596871388736,5.437886029240737,0.25075019005381277,1.4007625354185864,3.6985719526468435,1.0,94.88273623667015,41.08265749993344
38.902907963564175,48.56950589760563,5.155111729178289,4.0698027570891435,4.480508430350923,10.909504100705888,43.96045376511224,11.697458175816573,0.2874993399863046,1.2731709333779593,2.142452970112532,1.0,84.84682128952524,62.17709835169619
50.333302879557564,22.84470400201591,5.358855820948743,4.879927686006513,5.775776045428061,14.82460018485068,45.2470818848367,4.6056344578158575,0.5094212994954073,1.337514724012817,2.026965554568737,1.0,125.68455907319975,66.1635303317474
18.383828367068425,57.378199732612885,4.939274118244836,1.9504566493592208,3.0111702877808733,7.23487152379624,60.23869637708135,9.96574775121052,0.3090924316714743,1.3481770467670837,3.709226808952662,1.0,60.42070064451111,18.285368716596224
43.850489966172546,29.856539579914934,5.2873893438467965,3.467099314583254,3.176126458504551,11.369204796232808,59.44389158328788,8.983577247576452,0.30145882832741716,1.379169735695951,3.6015776230234926,0.0,62.77841683851317,57.565973645753964
14.527859341691347,58.70815080516672,4.201384787197824,2.684578851328184,3.0241819342972924,9.33089047306669,8.0,8.44212970703613,0.35925298808650163,1.4879028606899782,3.592685435314105,0.0,57.86637293070981,28.65232567266657
18.012563457838016,64.83031508740373,5.346111253657633,2.4930968614334614,2.0581106068565633,7.852153592262493,42.536337873365596,7.95712816998191,0.25550883347083403,1.5244514790311203,4.524648338526293,0.0,46.998618266566424,31.84627466654564
29.669423804335437,46.6158477600122,5.476717137828569,3.054784520094426,3.5864986061133735,9.212356218581073,50.879407847152166,13.598977726411727,0.28368221730661014,1.3260619157638418,3.5762726146335995,1.0,57.45087928665732,38.40548109882148
27.433326165446694,47.94319172668666,3.9,2.9534332534422676,2.7468783057658386,8.913108161521082,8.0,16.190449741480016,0.283429205944979,1.410283426586827,3.6286967552374607,0.0,42.84082528071353,15.545983916512618
69.57684817304644,16.7061056788963,5.975343112796323,4.161085851841095,5.252678092026759,14.669293703037793,79.95773286824874,7.173160949389802,0.3783801553595301,1.265212702993708,2.818628709018307,1.0,99.46542608397515,59.77734049431627
23.64465158734311,57.168468168601635,4.672345067955239,3.3586306667786747,3.015404866389665,8.04308746852676,24.245108234225302,4.085990359965884,0.30636612382950634,1.408343678024606,3.1305777798107894,0.0,66.85775086165752,25.713550693888635
